Country Name,2000,2001,2002,2003,2004,2005,2006,2007,2008,2009,2010,2011,2012,2013,2014,2015,2016,2017,2018,2019
Aruba,,,,,,,,,,,,,,,,,,,,
Africa Eastern and Southern,6.252427801,6.39062755,5.969416966,6.635665449,6.71073392,6.528097593,6.492505987,6.468482787,6.299643063,6.886251146,6.94635178,6.7927764,6.573127772,6.542389215,6.132938056,6.32839534,6.235434646,6.149074424,6.202238122,6.204934489
Afghanistan,,,9.44338989,8.94125843,9.80847359,9.94828987,10.62276554,9.90467453,10.25649548,9.81848717,8.56967163,8.56190681,7.89717579,8.80594063,9.52887058,10.10534763,11.81856155,12.62081718,14.12674332,13.24220181
Africa Western and Central,3.771293562,3.770255085,3.387611662,4.68110246,4.481883329,4.277284005,4.139621297,3.908506267,3.731709884,3.786901282,3.521775022,3.550731418,3.505062773,3.621935452,3.614794349,3.834684573,3.811253362,3.789630523,3.393160573,3.366043975
Angola,1.90859938,4.48351622,3.32946134,3.54797316,3.96720099,2.85219693,2.68553662,2.97438812,3.32290483,3.84260869,2.69510007,2.64560795,2.39574957,2.73282766,2.43412852,2.60579491,2.71314907,2.79150295,2.54010224,2.53335953
Albania,7.2333703,7.13952398,6.90934134,7.06348991,6.77337217,6.33554173,6.00927734,6.31683397,5.1390624,4.6022253,4.7457962,4.79534149,5.05526543,5.38561106,5.50347328,4.89631176,4.91601658,5.01263571,5.23207188,
Andorra,5.96051121,5.86593914,6.09839916,5.63991785,5.38125277,5.73988628,5.06450415,5.0283227,5.78568554,6.23957682,6.58006001,6.08633614,6.12628031,6.15502787,6.13150549,6.28353453,6.30526257,6.58945513,6.75162506,6.71158504
Arab World,4.00092337,4.284497842,4.266428744,4.146222167,3.831061108,3.512280027,3.483642819,3.58376752,3.409017605,4.297021708,3.899507491,3.893077433,3.97068992,4.218329215,4.550951252,5.073465452,5.044953902,5.280794751,5.043365961,5.083741954
United Arab Emirates,2.37413526,2.48437047,2.71770859,2.64634395,2.46204352,2.32019687,2.3254137,2.56569624,2.92847776,4.04999352,3.87874508,3.67007303,3.42520428,3.59299517,3.63020945,3.58359432,3.46601534,4.05959463,4.14545679,4.27504921
Argentina,8.2200098,8.37179756,7.3933115,6.89451599,7.22868299,7.61078882,7.64032841,7.83455086,8.18266869,9.45598793,9.44546986,9.41821575,9.82728195,9.78097343,9.67129135,10.22933865,9.00189686,10.44225502,9.66646481,9.5100708
Armenia,4.19580364,4.64562702,7.61359835,7.17937517,6.05508518,5.86188269,5.85007095,5.49814558,6.6397624,8.44377995,9.23539066,9.37587833,9.134552,10.32344532,10.17827034,10.11763382,9.95196629,10.36270523,10.00543404,11.33526421
American Samoa,,,,,,,,,,,,,,,,,,,,
Antigua and Barbuda,4.69438457,5.43587589,5.28793621,5.58626556,5.11667967,4.9945569,4.63347101,4.44986248,4.2048173,4.19123125,5.37907028,5.44257212,5.47921419,5.50909281,5.87269974,5.27965546,5.12190151,4.87493944,4.85093021,4.44295979
Australia,7.61383343,7.69622898,7.89332151,7.90449524,8.10948753,7.99008226,7.98943853,8.06755352,8.25585651,8.56316471,8.4308424,8.54153824,8.67564774,8.76116371,9.03597069,9.32758904,9.24815178,9.26682281,9.1550045,9.91078568
Austria,9.20371437,9.26942921,9.3947649,9.5472393,9.70939827,9.62702942,9.5311327,9.53209686,9.72564602,10.22582531,10.22101879,10.02613258,10.19915581,10.28574944,10.36809254,10.36746693,10.3522625,10.38460541,10.31750679,10.43403149
Azerbaijan,2.94894385,2.75590682,2.73279428,2.73471093,2.66530418,2.26107669,2.06678391,1.99021435,1.93880892,2.6137836,2.48996663,2.44641805,2.96481562,3.03672314,3.37713742,4.10663605,4.03655434,3.73651457,3.55621028,4.03829002
Burundi,6.17697144,6.40484381,6.47216082,6.31327724,7.7010417,8.42371273,9.94232273,10.58081913,9.23542213,10.35021877,11.27637577,10.06997776,8.52668476,8.53728485,7.31549168,6.42882729,7.71920919,7.90301847,8.2447691,7.99091434
Belgium,7.9991765,8.14988804,8.3182106,9.20823288,9.36721516,9.26114464,9.16102505,9.16611385,9.63002014,10.35455036,10.23324585,10.39208412,10.50650597,10.56133938,10.59411144,10.43065357,10.77319717,10.78312588,10.76469994,10.65604973
Benin,3.10270309,3.24910021,3.04335403,3.0376544,3.0760572,2.93478322,2.97331023,2.8938241,2.69675088,2.82528329,2.99710441,3.09628272,3.41449857,2.85861206,2.66743827,2.90741682,2.73950028,2.61910868,2.50416446,2.38842916
Burkina Faso,2.9502635,2.88835382,2.97113252,3.14307165,4.21721363,3.95109105,4.51446247,5.23372936,4.64780807,5.08159304,5.2395854,4.6486845,4.60266972,5.56331158,5.00026941,5.13192463,5.95963097,6.02940798,4.90988731,5.46494246
Bangladesh,2.07144356,2.06375051,2.25972915,2.30958843,2.33950281,2.41363597,2.48439622,2.55897784,2.48848343,2.56097794,2.68101048,2.76118398,2.74823475,2.65446854,2.65588379,2.63947296,2.47291207,2.43180156,2.50803041,2.48357606
Bulgaria,5.82971001,6.85958767,7.0809865,7.19987392,6.89090872,6.89011431,6.52544594,6.16035938,6.28771019,6.59577608,7.13800573,7.13881254,7.57609081,7.16768599,7.70713234,7.41093588,7.47690725,7.5206337,7.3434248,7.12611389
Bahrain,3.56132603,3.68104196,3.85486555,3.98856878,3.47338176,3.17561626,3.06248927,3.30373311,3.28510404,4.05684614,3.84291482,3.57691312,4.10642147,4.30853891,4.40681839,4.9869976,4.86063528,4.74279165,4.14378214,4.01147509
"Bahamas, The",3.80487037,3.92440891,3.81251955,4.01998568,4.04628181,4.03196478,4.30935764,4.4963069,4.8630805,5.15085459,5.25673914,5.32418823,5.31907082,5.5913291,5.57097006,5.2271986,5.62038803,6.6088872,5.92999935,5.74977493
Bosnia and Herzegovina,7.65342188,7.27702522,7.12647152,8.03272915,9.06270218,9.05223751,9.17218685,9.5306015,9.68943882,9.02212143,9.01888275,9.17856026,9.49001503,9.44886494,9.49011135,9.35174561,9.24976635,8.93797779,8.89146042,9.04909897
Belarus,5.2760601,5.70827103,5.62329483,5.76984167,5.73709631,6.07036781,5.57381344,5.69203281,5.29415369,5.39037848,5.65693998,4.87438536,5.245327,5.69559479,5.38793373,6.06533337,5.91054153,5.75974846,5.52699471,5.86133957
Belize,3.99033976,4.63241482,4.71499634,4.62012959,4.48231363,4.49777079,4.56418276,5.32664824,5.68234491,5.85314894,5.68149519,5.72256994,5.46800852,5.65393209,6.19277191,5.9350915,6.14959431,5.79241371,5.81922674,5.96689224
Bermuda,,,,,,,,,,,,,,,,,,,,
Bolivia,4.39554119,4.82522202,4.89645052,5.19709635,4.86315727,5.07408142,4.6608758,4.6968894,4.60677242,5.17444515,5.20230532,5.17306805,5.2539444,5.57465124,5.89613628,6.55064964,6.83333063,6.4901948,6.64209032,6.9233799
Brazil,8.33459282,8.54960632,8.69685745,8.18899918,8.12491989,8.03540993,8.24952602,8.20183945,8.01129246,8.39480209,7.94515991,7.78819466,7.73637724,7.97659969,8.39644623,8.90929508,9.16901207,9.47124863,9.46475124,9.5912714
Barbados,5.33187246,5.52529192,5.86123419,6.68377304,7.31510305,6.76892185,6.58324289,6.05583191,6.47676373,7.1486845,6.77398682,6.89933872,7.77819967,7.49560881,6.99789667,6.7748456,6.68155098,6.62216997,6.56259155,6.29990387
Brunei Darussalam,2.5512445,2.54995036,2.53798175,2.60610533,2.5552268,2.23678851,1.91712439,1.96159506,1.87878013,2.38892317,2.27826118,1.86409724,1.85097218,1.898314,1.91436803,2.38708901,2.54828691,2.27036428,2.41289377,2.16031361
Bhutan,4.44684267,5.0041995,4.59563637,4.1293807,4.59777308,4.13416386,4.35658741,4.09022331,3.38117099,3.5476253,3.55879474,3.34921789,3.61913657,3.70787191,3.55791116,3.75701189,3.57613945,3.3407371,3.2427721,3.60761595
Botswana,5.82726383,6.15671635,6.42154074,6.1761694,5.79530382,5.02535105,4.77373314,5.33311653,5.7820034,6.5250082,6.19402504,5.77690315,6.14145994,6.22438812,5.59793139,5.72629929,5.56052208,6.13453388,5.96867228,6.04836559
Central African Republic,4.27478456,3.95594192,4.22761345,4.39720249,4.30442286,4.36732149,4.44105434,4.7185154,4.08699083,4.81901073,3.8270402,3.87377,3.94020414,4.95162487,4.91660213,5.0343523,5.44400311,6.6654377,10.99530983,7.75300884
Canada,8.24814415,8.62482357,8.85670376,9.01090145,9.06628132,9.03540611,9.34210205,9.44500446,9.60709858,10.71716499,10.69585419,10.40052414,10.50637913,10.40513706,10.24852657,10.73320484,11.02296066,10.83538342,10.80637455,10.84447765
Central Europe and the Baltics,5.704258679,5.906488248,6.155065006,6.389900435,6.354218623,6.360856394,6.218791412,6.131565464,6.374224063,6.843972243,6.787859507,6.523810154,6.5418673,6.674307298,6.577301289,6.496499333,6.593960937,6.562003568,6.574763707,6.715266575
Switzerland,9.11401939,9.43919373,9.85215092,10.10937595,10.1849556,10.004179,9.53341675,9.36357594,9.48092747,10.06906986,9.94159698,10.0191288,10.24875641,10.46214485,10.61642265,11.00794983,11.30005455,11.48099899,11.37997055,11.29148102
Channel Islands,,,,,,,,,,,,,,,,,,,,
Chile,7.03517628,7.15104103,7.26602364,7.33330393,6.90115023,6.58871555,6.03516722,6.17537546,6.74047899,7.20918465,6.77489328,6.7717886,7.0209198,7.44478321,7.80729866,8.30269146,8.51866722,9.06854153,9.15850449,9.33272362
China,4.50827932,4.25329876,4.38285208,4.41762829,4.29347467,4.17605114,3.94742227,3.67491436,3.90000153,4.3495841,4.23068333,4.34274435,4.56584787,4.71490669,4.77790594,4.93827963,4.97955608,5.06592178,5.16790485,5.3502779
Cote d'Ivoire,6.12684488,6.01772738,5.90390921,5.47977018,5.47520828,5.00643015,4.76330471,4.55253553,4.56873417,4.46970177,4.41580963,4.39704227,4.42740583,3.71776819,3.73104811,3.21990895,3.35172296,3.30509853,3.11891103,3.29862952
Cameroon,4.29762173,4.0975132,4.29479742,4.26826382,4.01515007,4.09544468,4.02897263,3.95940948,3.82291627,3.73933601,3.75891471,4.01686049,4.0731349,3.78499365,3.95117664,3.74879193,3.72950816,3.49216461,3.46510625,3.59539533
"Congo, Dem. Rep.",1.55040038,2.70775008,2.6547749,3.81817865,4.42028952,4.25265551,4.39380932,4.33555222,4.98871946,4.54615879,3.86035585,3.26267195,3.30099416,3.56663251,3.97874045,3.96921349,4.36603069,4.15646648,3.30249262,3.53626084
"Congo, Rep.",1.50500607,2.18529677,1.70167685,1.91852152,1.92152369,1.71774054,1.7086128,1.90200078,2.23927021,2.14222002,1.8517288,1.75237262,1.90971029,1.94347048,1.97311711,2.45668483,2.79067516,2.51812744,1.93649173,2.08331084
Colombia,5.63529348,5.94238234,5.73295689,5.77505875,5.79892778,6.06709814,6.33551502,6.49102831,6.84192705,7.31134653,7.07130146,6.78076839,6.74599648,7.01724052,7.18553209,7.52338552,7.53117037,7.67864275,7.62541389,7.70943594
Comoros,7.51418018,6.65322924,6.68114853,6.65392351,6.58027601,6.12521267,5.77074194,5.41753864,5.06897497,4.92694378,4.99181557,5.3021183,5.17421341,5.09434605,5.23187876,4.60089922,4.65263557,5.26807404,4.90244007,5.17030334
Cabo Verde,4.43401194,4.75244379,4.7555151,4.50008631,4.37710667,4.27364111,4.48974991,4.18900156,3.58312869,3.88152456,4.47555733,4.30527449,5.13365459,5.28994226,5.32722235,4.8200655,4.84664345,5.27825785,5.26637983,4.93621731
Costa Rica,6.56498814,6.47410393,6.8690896,6.9691925,6.63005924,6.66429853,6.93530893,6.99642754,7.46854544,7.86019039,8.02937698,8.1219759,7.78642225,7.68229151,7.66376114,7.59196186,7.31724358,7.04522943,7.29572248,7.27393246
Caribbean small states,4.69501584,4.523379319,4.645182599,4.472840333,4.696757482,4.629777246,4.532023698,4.754159795,4.636862912,5.372508305,5.240981413,5.095156487,5.087691284,5.197798575,5.275025632,5.675563094,5.978245548,6.259914171,6.15506571,6.30564457
Cuba,6.58189821,6.98209763,7.11481667,7.10295439,6.83178759,8.75525475,8.2719059,10.96749115,11.31422806,12.29053974,10.6880827,11.31298637,9.29940987,10.43099499,12.1412344,12.81401348,12.2177515,11.7113266,11.18745422,11.34020519
Curacao,,,,,,,,,,,,,,,,,,,,
Cayman Islands,,,,,,,,,,,,,,,,,,,,
Cyprus,5.30800056,5.33940458,5.61565971,5.63568783,5.40558147,5.43580961,5.46357489,5.35744858,6.01427698,6.46531582,6.51767111,6.44928503,6.55474567,6.94518471,6.95228958,6.75352287,6.62359428,6.59893894,6.77018547,7.00903225
Czech Republic,5.70103025,5.86295414,6.17736149,6.52412462,6.35071039,6.34086704,6.16380167,5.98578358,6.33024883,7.248806,6.87530422,6.92782688,6.97858715,7.7224946,7.59677219,7.19641542,7.10655022,7.14152622,7.52479792,7.83470726
Germany,9.8881979,9.92046165,10.18365669,10.40202236,10.14603138,10.3115406,10.17961693,10.05104923,10.25105095,11.23758507,11.09557819,10.77818966,10.85323715,10.99795437,11.02157784,11.18370342,11.23563671,11.32935143,11.45038891,11.69724941
Djibouti,2.93908072,2.8072207,3.58787632,3.97685766,3.32442927,3.22467232,3.48426819,3.41498637,3.19098687,3.21451879,3.06150365,3.3765645,3.299927,2.92013574,2.96522927,3.07556486,2.7274003,2.46476841,2.26254249,1.79826784
Dominica,5.3237443,4.6450181,4.6531105,4.84617901,4.74520159,4.97772503,4.78092194,4.79109907,5.04968786,4.98329306,5.1571188,5.33450365,5.79509926,5.30803347,5.22792864,5.15941811,5.12967396,5.45470619,6.47454262,5.46006632
Denmark,8.10438347,8.44832611,8.70251179,8.9036293,9.00743198,9.0905695,9.16879559,9.3251543,9.51134396,10.67432022,10.33315945,10.15291023,10.24135303,10.16958141,10.17190456,10.22716618,10.14456177,10.03963375,10.0707159,9.95583057
Dominican Republic,4.88427496,4.88183308,4.98649025,4.38888311,4.2877388,4.35389185,3.99365425,4.20731974,4.7250762,5.08706808,5.57940006,5.66509867,5.88520575,5.76407719,5.75101709,5.78463221,5.82760334,5.83058023,5.73288918,5.929142
Algeria,3.48903275,3.83787704,3.7300415,3.60104108,3.5440731,3.2351613,3.35510182,3.8214159,4.20188379,5.3593955,5.11717176,5.26748085,6.00050974,6.03576279,6.54721403,6.9784894,6.60749578,6.27938414,6.16302586,6.24337101
East Asia & Pacific (excluding high income),3.951575229,3.849030236,3.911973074,3.979296403,3.887257678,3.877795081,3.726774311,3.554164218,3.725049127,4.123980644,4.01378817,4.135349047,4.33499339,4.478838516,4.555210265,4.710227547,4.742161632,4.813327795,4.9154081,5.069721872
Early-demographic dividend,4.873714174,5.111751172,4.841732969,4.979532466,4.927964278,4.881904353,4.885635979,4.863404479,4.793871003,5.188936517,4.971921354,4.968782264,5.033499134,5.077275391,5.080380873,5.193073476,5.060803507,4.989158186,4.822222635,4.744550309
East Asia & Pacific,6.108871632,6.143799978,6.115431003,6.211641471,6.186206882,6.139083029,5.946078904,5.745080076,5.900183262,6.399030978,6.279425648,6.705528176,6.766937028,6.534163289,6.467161536,6.448775997,6.534193391,6.496851352,6.514784189,6.677487181
Europe & Central Asia (excluding high income),4.896573812,5.181391271,5.424363054,5.357475144,5.126933998,5.106641318,5.08804759,5.031389038,5.076444213,5.611301341,5.145913636,4.865703491,4.949868506,5.006517072,5.035747248,5.032756886,5.118231451,5.133714278,5.180169971,5.411558312
Europe & Central Asia,8.009008238,8.199667777,8.458274431,8.643615189,8.62849953,8.610927904,8.545713731,8.445348411,8.623006712,9.43086144,9.192668482,9.036039209,9.038656594,9.094479745,9.201011735,9.277211829,9.339957926,9.254415818,9.280398165,9.367364086
Ecuador,3.33109641,3.75336552,4.4733963,5.44066668,5.56659126,5.59422016,5.70302916,5.33981323,5.3773427,5.6990099,6.11657906,6.47737551,6.7622118,6.80123425,6.72399426,7.49149466,7.27991486,7.42857885,7.86490965,7.81824684
"Egypt, Arab Rep.",4.92244291,5.40030336,5.5107379,5.2242527,4.85732365,4.92229176,4.84190083,4.44493246,4.46634817,4.37870121,4.1531949,4.35706949,4.71025944,4.91730928,5.02518845,5.33657265,5.36399841,5.63305616,4.947577,4.73997355
Euro area,8.642338739,8.74403273,8.964621145,9.175849113,9.20137177,9.298813494,9.289852327,9.189713794,9.490689773,10.25336963,10.2120099,10.09414422,10.18056911,10.2374788,10.26904163,10.21517225,10.21404699,10.16743503,10.15441001,10.21941233
Eritrea,5.76670074,5.91931629,6.68851233,7.33703375,7.00984955,6.86417818,6.85840559,5.27863026,6.41520452,5.38878536,4.92946005,5.21969032,3.78068161,5.00735378,4.05707884,4.45335484,3.518888,3.72767901,4.12821102,4.45876694
Spain,6.79921818,6.76895761,6.80052805,7.56392097,7.65912247,7.73195314,7.82912683,7.9183569,8.3818779,9.10707188,9.1185751,9.16859245,9.15699196,9.06737709,9.08936405,9.12617207,8.9523859,8.9569416,8.99036121,9.13213158
Estonia,5.15698433,4.77708292,4.70043564,4.85959911,5.119555,5.05801439,4.76530361,4.98330879,5.71032381,6.51218891,6.27124023,5.7667613,5.79034519,5.97791481,6.08077621,6.34629202,6.42956781,6.59183788,6.68642807,6.7304492
Ethiopia,4.3650465,4.72316694,4.7126298,4.89970922,4.31281853,4.10098124,4.45757294,5.00128365,4.28063917,4.64983416,5.46637249,4.46897888,4.53959608,4.07506514,4.03363609,3.82317114,3.60033059,3.45336151,3.30818701,3.23808599
European Union,8.435590142,8.557747014,8.780743033,8.998224246,9.004122016,9.073835041,9.042144859,8.930491535,9.202130383,9.960082965,9.881799254,9.825527719,9.915656104,9.981691082,10.00318901,9.937520033,9.943380289,9.885183262,9.867742322,9.91558249
Fragile and conflict affected situations,4.908068327,5.261425364,4.881440151,5.297755329,4.944848903,4.52942967,4.842274458,4.762774992,4.347778652,4.909132704,4.526944435,4.537856357,4.373333307,4.272713008,4.440061956,4.317639806,4.40391736,4.561027917,4.263231944,4.244399511
Finland,7.09253168,7.25090408,7.62769508,7.93805122,8.05912876,8.28795624,8.2841177,8.08359337,8.34310627,9.16122246,9.14202785,9.22303009,9.5857954,9.80534649,9.78115082,9.64523888,9.37796021,9.12670135,9.03608513,9.15348339
Fiji,3.42441201,2.90547323,2.983495,2.97298193,3.25768542,3.25656676,3.34798169,3.41514993,3.1846714,3.53587651,3.416641,3.14293504,3.2655499,3.20040703,3.3686049,3.32468939,3.27979708,3.18689561,3.42045617,3.81607008
France,9.58447742,9.70562744,10.02218628,10.08283329,10.16429329,10.2148447,10.38566494,10.31564426,10.50084686,11.28756237,11.22560215,11.18497658,11.29740047,11.41635036,11.54441643,11.4475565,11.47163677,11.33276176,11.18583012,11.05747223
Faroe Islands,,,,,,,,,,,,,,,,,,,,
"Micronesia, Fed. Sts.",7.76511145,8.45260048,7.8972044,9.57150459,12.02715683,17.73306656,10.74129105,11.0585041,11.99137974,12.55259228,13.10624504,13.09527493,12.2770977,12.13848686,11.73216343,12.45648766,13.13922405,12.21438789,11.70362568,11.4420805
Gabon,2.90536737,3.15246463,3.33046246,3.53691506,3.33140016,2.93410254,3.14508867,3.16386676,2.79445171,3.83981347,2.47556782,2.55771661,2.42097521,2.8408711,2.53282118,2.6574378,3.10769749,2.78068829,2.74500299,2.76836205
United Kingdom,7.19528341,7.56716347,7.94137812,8.11239147,8.39001179,8.44144344,8.60818768,8.7854166,9.06439972,9.8809166,9.83532333,9.84848499,9.91419888,9.97566223,9.95041275,9.90072441,9.87313271,9.80787468,9.90384102,10.15402699
Georgia,7.194592,7.16950893,7.81474257,8.02952862,8.08910847,8.07734108,7.63208055,7.4351778,8.44467163,9.56681633,9.07341194,8.0144434,8.04715919,7.88304806,7.90386868,7.42301512,7.99670744,7.05804443,7.11329746,6.65744257
Ghana,2.79087734,3.17252946,2.8882091,2.83229733,2.77140665,3.64265633,3.68296194,3.81368589,3.89917445,4.42220068,4.25117254,4.71008253,4.03214407,4.62300539,4.10044813,4.62171459,3.46157742,3.35796332,3.48865867,3.41858864
Gibraltar,,,,,,,,,,,,,,,,,,,,
Guinea,4.74567652,4.88881445,5.3613739,4.7780695,4.78209734,4.04247189,3.61069894,3.43232441,3.26223779,3.57716823,3.42734981,3.78955078,3.50398302,3.46079683,4.78097677,5.80920601,5.39708233,3.91060591,3.63913226,3.98389959
"Gambia, The",6.63892317,5.70734835,6.35030413,5.56995296,5.54182816,5.72842979,6.19758415,5.67628479,5.46723223,5.18213415,5.08982468,5.49951601,5.1643424,3.91374874,4.451684,3.17612934,3.68266177,4.14472675,4.8878727,3.82171082
Guinea-Bissau,6.74484873,6.70832253,5.82295132,5.88066721,7.47920132,7.2509346,7.28979492,7.2952776,7.04291964,6.94844484,6.2611661,6.21634817,5.94403839,7.03947115,9.96897316,8.13228226,8.32881451,7.00049543,7.62560892,8.34976101
Equatorial Guinea,2.14653134,2.20352745,2.34720826,1.97840834,1.66348076,1.49993956,1.51855373,1.57114804,1.82898772,1.84398258,1.81856561,1.55349779,1.26357603,1.87566769,2.19292378,2.91533303,3.14450336,2.95976138,3.06170225,3.13503671
Greece,7.24332571,7.9878397,8.23378086,8.44915676,8.09390354,8.56466961,8.25866985,8.39808178,8.82774258,9.40688515,9.59662342,9.19330311,8.92377281,8.36682224,7.90779018,8.06892395,8.32109451,8.10309219,7.95876884,7.83788586
Grenada,5.35886383,5.62456989,6.1756978,5.28485727,5.36568451,5.14460278,5.11352158,5.23867893,5.386199,5.43471003,5.41881227,5.80423355,5.82235813,5.62652922,4.77353573,4.64675617,4.43910027,4.65701056,4.57647324,4.96524
Greenland,,,,,,,,,,,,,,,,,,,,
Guatemala,5.39686108,6.07015848,6.01308298,6.15313578,6.26182795,6.14832115,6.36372948,6.19192553,6.08125973,6.33950901,6.12487125,5.96316576,6.07307673,5.77188921,5.8885684,6.00602055,6.07008219,6.13921785,6.12415409,6.21161032
Guam,,,,,,,,,,,,,,,,,,,,
Guyana,3.18737936,3.05506778,3.19353795,3.26884198,3.43770432,3.79409742,3.93144441,4.28126192,4.20242214,4.35117102,4.21897697,4.17213488,3.7081871,3.80231333,3.94755459,4.02264786,4.01842117,4.31911182,4.90492487,4.93048668
High income,9.421817509,9.913401874,10.34399229,10.51489428,10.47646822,10.51448944,10.56646611,10.55142639,10.72116434,11.67092663,11.57159829,11.58786166,11.7141644,11.74227619,11.89533757,12.28337088,12.45446024,12.41080982,12.33935034,12.53420741
"Hong Kong SAR, China",,,,,,,,,,,,,,,,,,,,
Honduras,6.26817942,5.92998314,6.2445755,6.8900466,6.85484314,7.50086403,7.86318684,8.08494949,8.60362625,8.9959259,8.72536373,8.79187012,8.65655136,8.47723007,7.91455746,7.48378992,7.69098616,6.98996687,7.21891975,7.2839179
Heavily indebted poor countries (HIPC),4.072886847,4.396049623,4.57952386,4.773488411,4.909343439,4.93923644,5.07295238,5.09720304,4.909063864,5.218163955,5.074063145,5.045326955,4.914654384,5.005199877,4.935817651,5.158179059,4.950519151,4.83207957,4.659309244,4.601234434
Croatia,7.71451426,7.2349987,6.20509815,6.35763264,6.57048893,6.90785742,6.97907209,7.47507524,7.72871161,8.17583179,8.0887022,7.76850891,7.78380489,6.51796293,6.70013046,6.78702879,6.82921791,6.75844765,6.78430557,6.97861767
Haiti,3.95964003,3.73088169,3.40510392,3.41427732,3.44730067,3.36843777,3.53148794,3.72829294,3.79294419,3.60447621,4.62583256,5.91197777,5.56462383,4.21974993,4.62687111,5.06690121,4.90023947,4.78747177,4.57474232,4.72808981
Hungary,6.77804375,6.82614756,7.12101698,8.11923409,7.77005482,8.00078201,7.78737354,7.21529293,7.09688091,7.2392807,7.46319818,7.49094248,7.43017483,7.24897766,7.06011677,6.85949564,6.99535179,6.75595856,6.54620171,6.35002232
IBRD only,5.258236214,5.312129359,5.189221827,5.208715756,5.14491627,5.11514837,5.073143535,4.985840524,5.038154601,5.417555005,5.201300448,5.154631016,5.205881702,5.280009023,5.315515872,5.392552822,5.396150321,5.447807082,5.406502227,5.482229021
IDA & IBRD total,5.126025125,5.186828053,5.066190594,5.131168951,5.064033723,5.038323311,5.002157802,4.922078437,4.957299855,5.311311022,5.107304031,5.076405368,5.124989696,5.201460468,5.229045785,5.302848876,5.305842396,5.352978204,5.305998126,5.37446675
IDA total,3.640530928,3.766712811,3.758770788,4.296323165,4.183297448,4.183826068,4.218641468,4.17552239,4.007128742,4.086044431,3.959328972,3.951124655,3.95805981,4.08523931,4.044708169,4.143957214,4.081786918,3.983677441,3.853055391,3.847014126
IDA blend,3.348794155,3.281211037,3.020817602,3.962344139,3.768355254,3.855150054,3.917079833,3.801001385,3.639086705,3.539542455,3.542033661,3.412583392,3.470849957,3.592156735,3.541311673,3.617769925,3.726676564,3.613900998,3.468301094,3.546027328
Indonesia,1.85297656,2.1185019,1.98062718,2.24837184,2.12002277,2.53189397,2.6194644,2.82385564,2.54842281,2.62324095,2.7908783,2.98942471,2.91427088,2.86934805,2.96433592,2.92428517,3.02147222,2.90417194,2.86757827,2.90493584
IDA only,3.824457854,4.068718203,4.23720296,4.518459223,4.476518534,4.426027759,4.461472089,4.469763963,4.294517007,4.476632551,4.276788203,4.477461775,4.480416265,4.627200587,4.597258909,4.697439028,4.432576166,4.313127485,4.185816826,4.102840921
Isle of Man,,,,,,,,,,,,,,,,,,,,
India,4.03493214,4.26278114,4.24016666,4.0084796,3.95739222,3.79116249,3.63477802,3.51754165,3.51468062,3.48537874,3.27211905,3.24634194,3.32935309,3.74944162,3.61956549,3.59565997,3.50430417,2.93597651,2.95175385,3.0141468
Not classified,,,,,,,,,,,,,,,,,,,,
Ireland,5.90420008,6.39664602,6.67468452,7.0096755,7.22300482,7.64583445,7.51655483,7.80535555,9.10927963,10.5062685,10.50632477,10.676898,10.65266323,10.29696083,9.53489971,7.31605005,7.4248991,7.06397724,6.86017275,6.67931509
"Iran, Islamic Rep.",4.77719402,5.40086508,4.77904272,5.16859722,5.16670179,5.38635683,5.29366922,5.06425858,5.29006815,6.50478983,6.69382286,6.57423449,6.58410263,5.93868208,6.75900412,7.53802347,8.57090187,8.42790699,8.4627676,6.71061659
Iraq,,,,2.99196076,3.84302664,2.89739919,2.42247868,3.10637736,3.03573871,3.76825881,3.23055601,2.79131818,2.69039416,2.81939769,2.79654908,3.14434433,3.492342,4.19215298,4.24407291,4.47671509
Iceland,8.929286,8.78546429,9.46551323,9.72930241,9.32854366,8.94695091,8.55709076,8.3535862,8.34370804,8.77518463,8.36173058,8.20293236,8.18118858,8.17555237,8.22888947,8.06978989,8.09714699,8.30908108,8.44292068,8.63868046
Israel,6.7833848,7.20983076,7.13073444,7.06917286,7.01328945,7.11729813,6.9061389,6.88173389,6.96061993,7.06538868,7.01663876,6.99058676,7.11508703,7.07797098,7.14262056,7.09919786,7.17326927,7.28954744,7.53235054,7.46131897
Italy,7.56665564,7.73760843,7.86693525,7.83297729,8.16549301,8.33931828,8.43673038,8.13610077,8.53282356,8.95162296,8.91602039,8.77413177,8.78352833,8.77543831,8.86791897,8.85689163,8.72533035,8.6777401,8.67509365,8.66856861
Jamaica,5.64462566,5.15652943,4.74544334,4.22014093,4.80435324,4.54581738,4.20788145,5.32057667,5.61143064,5.14652538,5.29506874,5.23800802,4.88511038,4.95442057,5.16565466,5.62469387,5.70086861,6.14843798,5.96785641,6.09748316
Jordan,9.34367943,9.58549213,9.36340237,8.84089088,8.74985027,8.59408951,7.81179047,8.04956055,8.48880672,9.22397041,8.17025661,8.14807701,7.81799555,7.1659236,7.20892906,7.4609561,7.15642214,7.98199606,7.78079128,7.58246946
Japan,7.03456163,7.23947954,7.35235357,7.48654842,7.53518438,7.65818596,7.68688822,7.77935696,8.08909321,8.9587822,9.0630064,10.48780155,10.67169189,10.67438602,10.7290144,10.74969959,10.65891647,10.65627003,10.74838829,10.74372482
Kazakhstan,4.16031361,3.47096992,3.61480069,3.72334647,3.98308039,3.90172553,3.39824939,2.70314932,3.04952621,3.49913716,2.73641348,2.60236716,3.03725958,2.66286707,2.97468472,3.04051137,3.42235565,3.05244446,2.8178606,2.78745675
Kenya,4.63924408,4.80369139,4.95863724,5.16912365,5.34494877,5.31436443,5.87344933,5.99706697,6.04985189,6.02780342,6.11675262,5.81170082,5.61369753,5.51942158,5.4593358,5.21938562,5.14090776,4.1409831,4.30564117,4.59182692
Kyrgyz Republic,4.41414976,4.27703285,4.59219551,5.82382107,6.20281267,7.45010662,8.3118391,6.93210649,6.52511883,6.89873457,6.95027208,7.10729122,8.50966358,8.18745136,7.35766459,7.14930916,6.41248226,6.18586302,5.01030922,4.49454117
Cambodia,6.54149628,7.01192331,7.23566914,6.95020199,7.09425974,6.85401773,6.11896086,4.90268278,6.60109377,7.58330584,6.91169882,7.50353193,7.26115417,7.10386801,6.70157766,6.19431591,6.11648464,5.72757244,6.18275642,6.98908329
Kiribati,8.64500046,12.32934475,11.9012785,10.66935253,12.42028809,11.50768661,11.57650661,11.35285187,14.07539082,13.43940926,9.20724678,8.58405113,8.59842396,9.46005249,9.93768883,7.98818541,9.32036781,10.68678665,11.6983633,10.26414394
St. Kitts and Nevis,4.79933786,4.39693737,4.45210552,4.75159693,4.49067402,4.72803879,4.98203421,4.79733467,5.49402666,5.47526932,5.34327459,5.27746201,5.17226887,5.26012945,4.94039154,5.31301308,5.63215637,5.59630823,5.21287775,5.39632845
"Korea, Rep.",3.89759398,4.4276228,4.16491032,4.4238739,4.38896513,4.61782169,4.94396782,5.11490726,5.39896727,5.78228998,5.91734409,6.00844383,6.13262033,6.24789429,6.47438097,6.65271664,6.91432714,7.10694933,7.54388428,8.1641655
Kuwait,2.20343947,3.18838811,3.12468719,2.76216865,2.35702443,2.01313829,1.82130992,1.92673659,1.92400312,2.70638752,2.67879915,2.33303523,2.33311439,2.48789287,2.9159987,4.21497965,4.73096323,4.65326786,5.09953451,5.49601221
Latin America & Caribbean (excluding high income),6.44984019,6.548428221,6.397169481,6.620924259,6.720566995,6.795429006,6.872343795,7.039788085,7.066206229,7.619841927,7.324958395,7.220307301,7.222864146,7.363810469,7.506438451,7.859662587,7.785940508,8.10095718,7.867067558,7.874935026
Lao PDR,4.27513695,4.29031706,3.69751191,4.47920799,3.54057288,3.33673239,2.93200946,3.15345573,2.76727295,3.46300387,2.91155243,1.94457507,2.07637596,2.39984989,2.29845548,2.45366454,2.36087489,2.52606821,2.24630332,2.59852362
Lebanon,10.83297443,10.56592274,9.28530312,8.67386913,8.00178719,7.5486207,8.66051579,8.55978775,7.81755829,7.00737476,7.43862009,8.17742538,7.00111389,7.0635767,7.51670218,7.41442871,7.914958,7.7873559,8.67463875,8.64661503
Liberia,4.29219103,3.49858928,2.89440227,3.65521455,9.17063904,9.68472099,8.4906292,10.79883385,9.01321793,9.40705395,8.94644737,9.4238615,8.7670517,8.28010082,9.20679283,10.63758373,9.85343266,9.09297276,9.03880787,8.47005749
Libya,3.42542052,4.05162811,4.89009905,4.10041189,3.49171281,2.59774685,2.51467609,2.43791389,2.63571715,4.28816032,3.58541131,6.05012751,,,,,,,,
St. Lucia,4.86163425,5.11714458,5.38443518,5.23676491,4.76429749,4.8572278,5.12402296,5.52015734,5.05127954,5.23717833,5.0379777,5.14028311,5.00246382,5.14402056,4.75532579,4.5808239,4.91194296,4.65729332,4.41556692,4.32460737
Latin America & Caribbean,6.525188412,6.650966814,6.493695433,6.677775652,6.715996542,6.728737193,6.882006329,7.022336172,6.985867038,7.582223005,7.254770284,7.190217369,7.158522299,7.254450199,7.377098232,7.868560943,7.82198331,8.148169113,7.940807764,7.95761285
Least developed countries: UN classification,3.229058506,3.629145261,3.828366533,4.052465464,4.264738998,4.188862676,4.336464522,4.397056861,4.27641969,4.547488846,4.24818201,4.110441453,4.022424924,4.196049745,4.17132249,4.35134733,4.16097534,4.055003972,3.951290703,3.882342466
Low income,4.000720266,4.33202222,4.485981701,4.94689602,4.789907191,4.620920143,4.634315247,4.750699655,4.479179061,4.761914591,4.46363052,5.015971805,5.027577859,5.480539071,5.479032368,5.615555472,5.502997935,5.399281537,5.021161314,4.866164834
Liechtenstein,,,,,,,,,,,,,,,,,,,,
Sri Lanka,4.24652863,4.19323874,4.1731143,3.76927328,4.17515802,4.00972462,3.97986174,3.95132089,3.98464847,4.19338846,3.86745453,3.71693492,3.40384722,3.82698822,3.60648084,3.88992095,3.86425042,3.59565234,3.91227865,4.07979679
Lower middle income,3.765070869,4.030499595,3.867096064,4.001815554,3.951436266,4.008260579,3.968368661,3.915004582,3.896474877,4.076875302,3.967969305,3.984507363,4.071143995,4.133005629,4.080247556,4.133661543,4.165554564,3.871625727,3.760764843,3.711449162
Low & middle income,5.036094873,5.080773882,4.965424831,5.050854332,4.990347997,4.983787043,4.919451678,4.84436519,4.876461477,5.22531471,5.029286774,5.011150796,5.06441621,5.15578036,5.184377206,5.27087682,5.266212134,5.305827229,5.257257253,5.327287677
Lesotho,5.61176968,7.27745914,6.74524212,6.04550838,6.05738878,5.44926691,6.11966419,7.28075647,7.70154142,8.99738979,8.41961861,9.56151676,9.25281525,9.5466814,9.17449284,8.99539375,8.75972462,10.08778667,10.90125179,11.26946354
Late-demographic dividend,5.34309163,5.254530587,5.302840984,5.216465872,5.113470932,5.085951046,5.005490159,4.916125175,5.024002816,5.466321715,5.238852174,5.162350044,5.199070925,5.314807989,5.400844729,5.453875918,5.527432097,5.642373114,5.636934049,5.78366297
Lithuania,6.19950438,6.01339579,6.14446115,6.18627787,5.5114994,5.64800453,5.84418154,5.7643218,6.29453754,7.36587334,6.81462288,6.4878149,6.2759347,6.12593651,6.19332647,6.49043989,6.63746214,6.47513723,6.53385353,7.00600433
Luxembourg,5.90136147,6.410923,6.73847198,6.97271538,7.34548569,7.18256855,6.70838261,6.23472404,6.53840208,7.33979321,7.03158236,6.11205053,5.58377266,5.52774715,5.43687868,5.28378248,5.19496346,5.25779152,5.28587103,5.37075996
Latvia,5.4399581,5.7776227,5.77001858,5.48984146,6.21677923,5.84766769,5.71834707,5.52228498,5.6001029,6.11926985,6.11952686,5.54237556,5.38090277,5.36752796,5.46614885,5.65469503,6.13591957,5.97031736,6.19103575,6.57814217
"Macao SAR, China",,,,,,,,,,,,,,,,,,,,
St. Martin (French part),,,,,,,,,,,,,,,,,,,,
Morocco,3.97807431,4.12981606,4.42979431,4.55366516,4.72918844,4.76469755,4.94123936,5.42293549,5.30251694,5.8412447,5.86408854,5.7329936,5.74942255,5.68743515,5.27820778,5.06548977,5.23985195,5.23467541,5.33230448,5.30845118
Monaco,1.73622334,1.76396823,1.79035473,2.08464146,2.1265049,2.11639619,2.01949477,1.78815055,1.9241817,2.27634358,2.33074474,2.17874694,2.23475242,2.14983034,2.0869267,2.02846766,1.62753129,1.64274836,1.59628761,1.5251174
Moldova,5.92687225,6.23449707,7.40437651,7.02227592,8.97114944,9.55814838,10.54445267,11.02066803,10.94920063,13.6766243,10.13112831,9.09670353,9.13962078,8.68300343,8.63275719,8.55763531,7.53552246,7.01328516,6.58753443,6.3779459
Madagascar,4.46962881,4.75725555,4.97110605,4.74734688,5.25489902,5.20261955,5.07627583,4.49428749,4.10616875,4.41676188,4.65100336,4.43843079,3.82249737,3.73896837,4.42833662,4.97224474,5.25697422,4.84431553,4.19787312,3.68728375
Maldives,7.73655844,8.21364975,8.78440094,6.77857542,7.48356962,8.82753468,8.04819012,8.30568123,11.47104168,10.0928812,8.48759079,7.92251587,8.67304802,8.13609314,7.90784121,8.6903019,10.28107738,9.24117565,7.65245056,8.04001141
Middle East & North Africa,4.47266907,4.834189554,4.712050431,4.629431068,4.349447721,4.095938309,4.000644432,4.037897183,3.92700292,4.857615396,4.596882772,4.603266944,4.652798717,4.678493057,5.062689506,5.565572463,5.77101895,5.966174388,5.664389065,5.521488786
Mexico,4.44912481,4.8203578,5.0716424,5.81486464,5.9539032,5.83612156,5.65525532,5.76644516,5.69886971,6.12978458,5.73688889,5.51883602,5.66522121,5.80923605,5.55341005,5.72277403,5.55345869,5.45759058,5.37870932,5.43305254
Marshall Islands,19.04625702,16.35200119,14.37911701,14.33015633,17.25741196,21.95516396,22.0241642,18.06703949,17.09153557,16.42785454,15.85092354,14.93981457,14.78048515,15.13492775,14.93682289,17.03569794,17.37360954,16.07778358,17.00218964,16.34140015
Middle income,5.066548106,5.102508587,4.980299139,5.053960027,4.996259548,4.994495755,4.9276661,4.846989756,4.887600453,5.238871596,5.044342782,5.011076355,5.064925266,5.151753051,5.180517955,5.266117249,5.263393383,5.304744805,5.259953971,5.33269424
North Macedonia,8.86991501,8.3815918,8.97826958,9.00857735,8.46505356,7.67907524,7.38314629,6.57065344,6.55317593,6.52846384,6.71369648,6.51887369,6.61468363,6.7192831,6.28993368,6.34227896,6.37943363,6.5939827,6.55475044,7.25409985
Mali,5.46631575,4.51951408,4.99772739,5.05059528,5.21768284,5.19515705,5.45588827,5.25303316,5.04372358,5.22657919,4.67865038,4.01483822,3.7521615,3.96750712,4.48156309,4.11143351,3.77377391,3.67425632,3.73249865,3.89389849
Malta,6.57308626,6.99985981,7.70661688,7.89556122,8.04820728,8.66396618,8.80992031,8.16883469,7.8633585,7.9238286,7.95211124,8.4481411,8.37802982,8.49665737,9.08505249,8.89759541,8.94369507,8.89494133,8.81080437,8.21444321
Myanmar,1.99549341,2.14881921,2.57854128,2.38126588,2.31822205,2.3303194,2.25168705,2.02357221,2.10873079,2.15950108,1.95585954,1.92666924,2.41021132,3.20071578,4.39346027,5.47780514,5.11349964,5.08065748,4.89992142,4.67856407
Middle East & North Africa (excluding high income),4.722068635,5.110719911,5.006813801,5.005820966,4.785708793,4.574039626,4.477838066,4.494638424,4.506244422,5.259793075,5.111996455,5.44272171,5.525332998,5.30102261,5.617810285,6.029782172,6.475609021,6.639374768,6.215634135,5.70433428
Montenegro,,,,,,,,,,,,7.96692228,8.29550457,8.47144604,8.00086784,9.02188778,8.63302994,7.98255444,8.34355545,8.32983208
Mongolia,4.87262106,4.3172245,4.43462992,3.51071095,3.57047367,3.75525045,3.74971414,4.07522488,4.55692911,4.45979881,3.73945618,3.58612156,3.85493326,4.06616068,4.1765728,4.23834085,4.42355633,4.0050602,3.85443377,3.76607823
Northern Mariana Islands,,,,,,,,,,,,,,,,,,,,
Mozambique,2.26010299,2.95498824,3.34283662,3.4220655,3.6926434,4.39079046,4.10098362,3.94103193,4.23261261,5.21038246,5.44726419,5.00311899,5.24640608,6.12555981,6.33231783,6.7166338,7.17241096,7.75916147,8.09185696,7.83351135
Mauritania,3.37825727,3.57184672,4.00226164,4.03255796,3.70430946,3.40313458,2.70253325,2.87644672,3.01339459,3.11034536,2.63619399,2.47383666,2.64919353,2.86799884,3.46724391,3.67363763,3.09649324,3.33722878,3.57909012,3.30329728
Mauritius,2.89581966,2.96084642,3.23190355,3.22486687,3.36119127,3.56529307,3.65428853,3.57065129,3.99199653,4.2265029,4.57982111,4.3078289,4.27675056,4.68303633,5.49399614,5.6999588,5.70678568,5.80943251,5.86705875,6.19943714
Malawi,2.7561748,2.38508582,3.77586961,4.67483664,5.73337364,6.05505085,6.91642094,7.66315603,8.59821701,8.26966286,7.24138308,7.49375153,8.47898579,11.57910728,9.71205044,9.33334064,10.87966633,10.88755989,9.82898998,7.39341164
Malaysia,2.51463366,2.6753974,2.66876554,2.92417097,2.86016941,2.78692698,3.10897732,3.07041144,3.00692534,3.2610569,3.16474295,3.31451941,3.45786357,3.51275206,3.71036983,3.81819606,3.68569684,3.70413661,3.74833083,3.82514191
North America,12.19742719,12.86734885,13.64856715,14.10082643,14.16611571,14.14523482,14.24967909,14.43196874,14.72663082,15.75428765,15.71748794,15.59872866,15.60040525,15.50360617,15.69246598,16.06872415,16.40556409,16.34119113,16.23287633,16.3218797
Namibia,9.63792515,9.53211975,9.73386574,9.87848473,10.18727589,10.19230366,10.13995361,10.71633053,9.91801167,9.04967022,9.72781372,9.83193302,9.26659298,9.06448746,8.40890884,9.98109627,9.3223238,8.72573948,8.31428051,8.49700546
New Caledonia,,,,,,,,,,,,,,,,,,,,
Niger,4.69006205,4.75814819,4.85896921,4.77954054,5.01117468,5.67636585,5.80891418,5.38838816,5.22303343,5.33016539,5.02160501,4.87324095,4.30732203,4.46635866,4.45376825,5.34746218,4.53239059,5.57411432,5.28845072,5.6686306
Nigeria,3.19738436,3.18946958,2.49064016,5.05360937,4.6336832,4.46591902,4.25775146,3.90997314,3.6958158,3.58019733,3.29653287,3.32077932,3.35984278,3.42069316,3.34840369,3.58194971,3.64773679,3.75336528,3.09069371,3.02666044
Nicaragua,5.23883677,5.48459768,5.73315907,6.08317614,6.05740404,6.22468948,6.35756493,6.95643044,7.16700697,7.68584394,7.71019173,7.44982004,7.48836899,7.6386919,7.97716141,7.96303225,8.04877567,8.33672619,8.58646584,8.4039259
Netherlands,7.70687819,8.05946636,8.64911556,9.0565691,9.11067963,9.09671688,9.08058071,9.05291939,9.27664948,9.99291134,10.15515518,10.23353291,10.53905964,10.5835619,10.56706905,10.32393837,10.2942524,10.1082983,10.0318222,10.13031101
Norway,7.71215487,8.02202415,9.00061893,9.21471977,8.82115746,8.32839584,7.91272211,8.05085373,7.96075296,9.07431507,8.90553188,8.78868103,8.77787876,8.92953396,9.34493351,10.13146877,10.59129524,10.31589031,10.02394581,10.52134705
Nepal,3.12598538,3.80386233,3.92991233,3.84753466,4.03734398,3.94221067,3.5361805,3.66484332,3.80911303,3.89314747,4.35166264,4.44234991,4.49078512,4.63011789,5.07548285,5.46615076,5.42379808,4.72173262,4.5284524,4.44515085
Nauru,18.12374687,15.50226688,13.1944294,9.53113365,6.57316685,10.30554104,12.41761684,24.23068047,23.0041008,12.31575871,12.6964016,9.81177711,9.21772385,9.4396801,7.94534922,13.73628521,10.74993038,11.5623312,8.63223171,9.78171635
New Zealand,7.4700222,7.5789361,7.90045929,7.72169209,7.90090561,8.27334881,8.63841629,8.32904434,9.12382889,9.62076378,9.59277534,9.51987362,9.65163612,9.3601923,9.40168381,9.28344345,9.23865223,9.01967621,9.21034622,9.74117661
OECD members,9.345749703,9.838273206,10.26802091,10.47290116,10.44696497,10.4916941,10.55588558,10.5461431,10.74542804,11.66977952,11.5653181,11.60520433,11.73882157,11.74748797,11.87769749,12.23572789,12.41412445,12.36915266,12.34061675,12.53246813
Oman,3.06354713,3.08315206,3.18044019,3.17294717,2.97564673,2.5871408,2.31092191,2.4257648,2.01222706,2.8300879,2.82071519,2.54776597,2.5522778,2.79134297,3.52693391,4.3044014,4.35671568,3.97070861,4.10356855,4.07190228
Other small states,4.635332693,4.723736607,4.918500626,5.223407126,5.026045233,4.606867052,4.293813392,4.203728217,3.836578062,4.459469078,4.020121288,3.662927571,3.624088145,3.863409805,4.055119133,4.64189204,4.861877554,4.790400718,4.567338279,4.706520894
Pakistan,2.88551998,2.70667124,2.82704878,2.43137884,2.3472271,2.70793724,3.00717139,3.13822842,2.92312193,2.61331201,2.59675789,2.34442639,2.35939932,2.6028018,2.72200799,2.68711925,2.89286923,2.90229392,3.20214486,3.37992716
Panama,6.9129467,6.8341074,6.96316957,6.61838865,6.99114799,6.09434938,6.45193529,6.92857409,6.84644938,6.99648428,7.08509684,6.59314489,6.56412029,6.65125561,6.92144489,6.8090291,7.32181311,6.90812922,7.28005838,7.58405781
Peru,4.41482639,4.72161007,4.93902206,4.58695984,4.42970943,4.66595268,4.4095645,4.42612123,4.51443434,4.97619247,4.71548748,4.53341627,4.74023867,4.76035166,4.978508,4.97963047,4.97274113,4.91776848,5.19757748,5.21506882
Philippines,3.05511928,2.84775901,2.63767314,3.0766356,3.04685569,3.74253011,3.77762771,3.75318241,3.8631587,4.16451931,4.1310792,4.02518606,4.1770916,4.27408791,3.70313644,3.89827442,3.95484376,3.960428,3.95381904,4.07676649
Palau,8.87392807,7.8959136,8.01948452,9.02106476,9.97902298,9.34274673,9.66567612,9.85682011,9.44878292,10.30606079,11.54552078,10.81779194,11.58289433,12.06837177,12.1215744,11.43467426,12.1238575,12.04422569,10.84888458,15.15048885
Papua New Guinea,2.0184176,2.3006382,2.77562952,2.45314884,2.59372902,2.44874048,2.42600322,2.42102098,2.13526058,2.32937527,2.10756016,2.29397798,2.66693544,2.99727893,3.27119088,1.81881714,2.33063054,2.22970963,2.26630354,2.30036092
Poland,5.28789568,5.66721439,6.0672431,5.95371294,5.86845255,5.80689144,5.80280542,5.87339211,6.37592173,6.587708,6.41223288,6.2400856,6.22393656,6.41485739,6.38664055,6.39477158,6.53473806,6.5601325,6.32764196,6.44682503
Pre-demographic dividend,3.642872793,3.951730666,3.749496279,4.627214707,4.652200982,4.359001393,4.293407654,4.23057556,4.041672878,4.322239042,3.916685339,3.765641516,3.643699616,3.798578267,3.741059436,4.044686408,4.119270239,4.173586328,3.908694333,3.917485162
Puerto Rico,,,,,,,,,,,,,,,,,,,,
"Korea, Dem. People's Rep.",,,,,,,,,,,,,,,,,,,,
Portugal,8.60104179,8.62751484,8.78642941,9.12415695,9.5325079,9.65306759,9.35422611,9.25186634,9.58307838,10.13070393,10.03250504,9.73071671,9.65393162,9.40486622,9.34288025,9.31645775,9.39439583,9.30583763,9.4126482,9.53145981
Paraguay,6.01865196,5.60815763,4.75770569,4.90703869,4.93224382,4.82934666,5.01927567,5.02042675,5.04564476,5.52839279,5.47032022,5.82928896,6.52922678,6.05105257,6.64387417,6.70042467,6.68209553,6.60703087,6.71837997,7.17281008
West Bank and Gaza,,,,,,,,,,,,,,,,,,,,
Pacific island small states,4.882527323,4.86859331,5.142166658,4.695052886,5.128223029,5.56890708,5.298074066,5.061950863,4.878921001,5.395712407,5.588142137,4.955175063,4.927593855,4.996539437,4.977006372,4.970045421,4.856574774,4.703429143,4.804164992,5.31392541
Post-demographic dividend,9.572990254,10.07338383,10.51513771,10.69848055,10.67506599,10.75093577,10.83362938,10.83165771,11.03908133,11.96195053,11.90762341,11.9750124,12.12381843,12.15161782,12.30878706,12.68884197,12.85387545,12.81154536,12.76327198,12.96038486
French Polynesia,,,,,,,,,,,,,,,,,,,,
Qatar,1.97258496,2.3197093,2.46044087,3.50257206,3.18311739,2.56300044,2.28806424,2.07008052,1.63775349,2.38356304,1.87017775,1.59996212,1.74822152,2.07620168,2.42293572,3.00097346,3.24747443,2.977561,2.62514997,2.9106288
Romania,4.20876122,4.37598133,4.57694626,5.37136745,5.47733545,5.52778149,5.07106066,5.02223349,5.02274227,5.27841282,5.76614237,4.70199966,4.73353195,5.19664145,5.02168465,4.94721556,5.00346899,5.1508317,5.56050777,5.74447823
Russian Federation,5.01989794,5.24284792,5.52166557,5.16368914,4.7603755,4.77177525,4.76654387,4.74792528,4.90364075,5.64392519,4.97111845,4.79491472,4.93637609,5.08104849,5.18209696,5.29604387,5.28970242,5.35889769,5.35520792,5.64849138
Rwanda,4.26349449,3.89250112,3.66946197,8.02439117,8.54291725,8.77702618,7.58474445,7.83395863,7.5351038,7.77558613,8.05313301,7.90435696,8.06890869,6.74579239,6.95749235,6.62107325,6.92619371,6.38999128,6.6816082,6.41066742
South Asia,3.718784861,3.885077699,3.94661682,3.721258296,3.697414549,3.624796898,3.548161365,3.486505088,3.458542382,3.418765138,3.25328983,3.206482969,3.260677298,3.627460484,3.535599256,3.515183637,3.455933584,2.991484267,3.045230092,3.098081414
Saudi Arabia,4.2115941,4.46173573,4.2493763,3.97909737,3.58400607,3.4186728,3.61922503,3.56228733,2.97100425,4.29041958,3.647856,3.71177721,4.01962376,4.46568298,5.22795486,5.9983449,5.83562946,6.26256323,5.74845695,5.68828773
Sudan,3.60664463,3.36456847,3.30010867,3.89187932,4.15593481,4.09418106,4.88544321,5.66269207,5.42313623,6.39496279,5.05810213,5.61579561,5.68827009,6.96487522,5.67619705,7.26747084,5.48409986,6.05546141,4.43653536,4.57356596
Senegal,3.53971124,3.67916536,3.95129871,4.29645395,4.56848049,3.67466164,3.76337719,3.41496325,3.50687575,3.84157085,4.02764177,4.21416569,4.26687956,4.38575172,4.39605808,4.38257313,4.26078129,3.99707484,4.23825741,4.13226938
Singapore,3.34336376,3.16302657,3.358464,3.60699248,3.15019822,3.03367925,2.9347465,2.83749056,3.19488454,3.39853096,3.20265365,3.15792179,3.32783675,3.68562651,3.87155676,4.18069839,4.39192295,4.36418819,4.08520222,4.08152914
Solomon Islands,4.82626629,6.60538769,10.10495281,7.075634,7.72383881,9.0159359,8.00584602,7.17948914,5.68918657,7.03139544,8.38949013,6.01607323,4.99881887,4.7872014,5.06938744,4.63923359,4.51225424,4.22589684,3.99611521,4.77362394
Sierra Leone,11.51732922,10.97251225,11.42102432,10.82905197,10.96055317,11.03772926,10.39398956,10.03516197,9.87387085,11.09847832,10.94338036,13.28134346,10.59041977,11.56772041,19.72741699,20.413414,16.5259552,9.39976025,8.28987408,8.74976635
El Salvador,8.92467785,8.82467365,8.77833939,8.4062252,8.49746799,8.43694401,7.92342138,7.63829565,7.66487646,8.39771748,8.23629189,8.14439964,7.53931999,7.71839237,7.68152761,7.63034058,7.70530415,7.21280336,7.09307051,7.16578436
San Marino,5.83692789,5.69305277,5.44233704,4.81547499,4.91077471,4.93253946,4.95809364,5.1441412,5.45987749,6.24213982,6.61328411,7.3972249,7.95256329,7.72582674,7.52978706,7.17826128,6.72881317,7.22321129,6.91428852,6.39008522
Somalia,,,,,,,,,,,,,,,,,,,,
Serbia,6.49934578,6.86061621,8.0600071,8.1294651,8.24021435,8.27808189,8.48804665,9.37001324,9.47590065,9.3397665,9.52071667,9.10749245,9.32176399,9.30588913,9.23958969,8.8132,8.4589138,8.22039318,8.5316782,8.67206478
Sub-Saharan Africa (excluding high income),5.404745732,5.405058063,4.904598571,5.899298921,5.873859521,5.659560108,5.518534632,5.395987,5.139147793,5.571706377,5.52049061,5.429341948,5.227248738,5.180225998,4.941720887,5.186058755,5.156805023,5.175855388,5.00648403,4.945064927
South Sudan,,,,,,,,,,,,,,,,,,8.23701382,6.27566719,6.04213858
Sub-Saharan Africa,5.403556064,5.405044184,4.904038682,5.898596736,5.873019531,5.658781678,5.517636077,5.394761656,5.13825452,5.57050994,5.520018467,5.428921747,5.227571622,5.179719303,4.941571881,5.185563731,5.156831507,5.175607788,5.006717315,4.945281684
Small states,4.657959636,4.672346678,4.85042471,5.029213151,4.95640929,4.633231272,4.362561684,4.323504256,3.996249682,4.636056523,4.248852206,3.894294547,3.858951091,4.072501801,4.242602105,4.815855792,5.036389153,5.008046658,4.798792659,4.953398921
Sao Tome and Principe,10.51090622,10.83180332,10.66279221,12.6178236,11.86979675,11.51630402,8.27670765,8.1677618,7.11202765,7.19514179,6.84464884,6.75577354,6.47629499,7.93743801,6.73101854,5.34009647,6.43088818,6.46091604,5.84369802,5.52976227
Suriname,6.28476238,4.09541416,5.70779514,5.23449087,5.84803867,5.61497545,6.27044153,5.59070206,5.08278036,5.33047295,5.03042459,4.72143984,4.58755207,4.80475569,4.84127617,6.21926689,6.35384083,5.9441762,7.8974061,9.7369957
Slovak Republic,5.30256939,5.3315053,5.50947618,5.44849873,6.37190485,6.58870029,6.85076714,7.17735386,6.9563446,7.94779444,7.73118067,7.3478632,7.54334021,7.49961424,6.89176321,6.7925415,7.11029387,6.77144289,6.70504332,6.9586463
Slovenia,7.80406952,7.87602425,8.02119923,8.09883595,7.93957281,7.99595737,7.82322741,7.51139164,7.85466576,8.540802,8.56503296,8.53639603,8.71509933,8.74028301,8.50197506,8.49823952,8.4630394,8.18522835,8.27940369,8.52386475
Sweden,7.32689953,7.90032959,8.21006203,8.31724644,8.12961864,8.1508379,8.05226517,7.99607706,8.20824242,8.77037907,8.31963825,10.41646767,10.73515224,10.9049139,10.9479475,10.80418396,10.85240364,10.78509998,10.94106293,10.86749268
Eswatini,4.60951757,5.13895321,5.5229826,6.37864399,6.81432486,7.37623358,7.82560015,7.93004131,8.85792923,8.63292217,8.59125805,8.46997261,7.82028151,7.45686579,7.25702429,7.05950689,6.82044792,6.98103666,7.2573719,6.78069067
Sint Maarten (Dutch part),,,,,,,,,,,,,,,,,,,,
Seychelles,4.61071825,5.39628124,4.56042624,5.35933495,5.1972785,4.97854805,4.67937088,4.09072113,3.98245716,3.88551354,4.82908678,4.80053091,5.73247576,4.50912476,4.7388773,4.5895319,5.18561649,4.90735865,5.26916742,5.1902914
Syrian Arab Republic,4.34962416,4.49367189,4.52326918,5.117836,4.47935677,4.10969782,3.77772379,3.72242475,3.39762759,3.54646325,3.27644157,3.3285625,3.56564736,,,,,,,
Turks and Caicos Islands,,,,,,,,,,,,,,,,,,,,
Chad,5.45750237,5.29329205,7.26788855,5.50941277,5.50012302,4.84111404,4.86643219,4.34312963,4.0595479,4.44166517,4.06023169,3.91046619,3.85607743,4.06645155,4.27316856,4.52395439,5.05077505,4.55722904,4.1669445,4.3536315
East Asia & Pacific (IDA & IBRD countries),3.951991078,3.849374548,3.912301513,3.979632682,3.887633364,3.878130558,3.727080166,3.554429731,3.725239206,4.124159663,4.01401925,4.135525249,4.3351814,4.479021936,4.555381711,4.71042861,4.742368461,4.813517049,4.915537992,5.069916078
Europe & Central Asia (IDA & IBRD countries),5.041105598,5.336276528,5.570500974,5.488890491,5.280722374,5.252501144,5.227184063,5.192232246,5.30124399,5.801652452,5.361095285,5.070607258,5.121875468,5.173945572,5.214626278,5.23679592,5.33606686,5.349403128,5.370513517,5.584890434
Togo,2.79417205,2.88543582,2.90226316,2.93838358,3.08552408,3.30243444,3.44604039,3.86664653,3.84063792,4.07617235,4.45492935,4.55412006,4.80786562,4.94373512,5.07536507,4.9564662,5.35245514,6.49387741,6.08747768,5.72606897
Thailand,3.10125375,3.02623773,3.334723,3.24312782,3.13893151,3.15972233,3.09970856,3.19277525,3.45933914,3.61939621,3.39009833,3.56825471,3.5229404,3.45313334,3.68448091,3.66788888,3.7540946,3.84309888,3.8184948,3.78912091
Tajikistan,4.26492453,4.57802582,4.43647242,4.70218658,4.79911184,5.21024704,5.03254747,5.54050112,5.91206694,5.85579777,5.73543406,5.85971785,5.98185873,6.53226376,6.6654973,6.9073596,7.00427723,7.2288146,7.2394805,7.10529375
Turkmenistan,6.89164257,8.14875412,7.0219698,8.51216888,10.57751369,9.55530357,8.41321373,5.28883219,5.90518856,4.81248379,4.9963603,4.89650869,4.77595139,5.15063286,5.49777317,6.29793644,6.62305355,6.93536758,6.60684919,6.56862497
Latin America & the Caribbean (IDA & IBRD countries),6.536159365,6.658339905,6.49630019,6.682091738,6.723946173,6.706574062,6.867603704,6.969372856,6.931775184,7.517787306,7.216293268,7.145310616,7.135009851,7.216894208,7.318745896,7.787920435,7.74444577,8.088266423,7.884588603,7.896557406
Timor-Leste,,,,2.84187007,4.26103544,5.28044796,6.00191975,5.64793253,6.96563959,7.30931854,6.47058773,6.78081751,7.06785393,8.5323782,7.60483742,7.67216587,6.89625216,6.7448473,7.61165237,7.15850592
Middle East & North Africa (IDA & IBRD countries),4.722068635,5.110719911,5.006813801,5.005820966,4.785708793,4.574039626,4.477838066,4.494638424,4.506244422,5.259793075,5.111996455,5.44272171,5.525332998,5.30102261,5.617810285,6.029782172,6.475609021,6.639374768,6.215634135,5.70433428
Tonga,3.02391076,3.54290938,3.71628523,3.56334972,4.63417006,4.51536036,5.59165668,4.86887074,6.21641684,4.09607935,4.98202562,4.00464964,5.0140667,4.23476315,5.29359198,4.68395281,5.04334545,5.09755182,5.05481672,4.98149967
South Asia (IDA & IBRD),3.718784861,3.885077699,3.94661682,3.721258296,3.697414549,3.624796898,3.548161365,3.486505088,3.458542382,3.418765138,3.25328983,3.206482969,3.260677298,3.627460484,3.535599256,3.515183637,3.455933584,2.991484267,3.045230092,3.098081414
Sub-Saharan Africa (IDA & IBRD countries),5.403556064,5.405044184,4.904038682,5.898596736,5.873019531,5.658781678,5.517636077,5.394761656,5.13825452,5.57050994,5.520018467,5.428921747,5.227571622,5.179719303,4.941571881,5.185563731,5.156831507,5.175607788,5.006717315,4.945281684
Trinidad and Tobago,4.23492432,4.0346489,4.72302485,4.18767166,4.30805206,4.43451166,4.15432024,4.1536026,3.65757036,5.48676443,5.08042908,4.72197914,4.87719965,5.02981281,5.20177984,6.07862949,6.83270836,6.99457884,6.70954943,7.02007389
Tunisia,5.04834366,5.09929466,5.37092733,5.46378517,5.45323801,5.3973608,5.38218164,5.42856932,5.41714668,5.67045975,5.88395596,6.43202877,6.6064229,6.85662031,6.80739641,6.62154102,6.60998964,6.84927845,6.82099104,6.95845938
Turkey,4.59957218,4.88784933,5.06227875,5.01427698,4.90964413,4.89389706,5.14591694,5.23760796,5.21761799,5.49438715,5.02053452,4.6530509,4.44444656,4.37099981,4.32517862,4.11690378,4.28469229,4.17974997,4.12414074,4.34409809
Tuvalu,24.24389076,19.18874931,13.28484821,15.41858196,10.56772137,11.35907459,13.37901974,11.2719593,10.74156666,14.3572998,16.88332939,15.80998898,15.32846642,18.60474205,16.86151695,16.69959259,15.60996437,16.77852631,19.03600502,23.96181297
Tanzania,3.41530037,4.2355175,4.68907547,5.34231567,5.7373414,6.32282591,7.59827995,6.8842783,5.55704832,5.0630641,5.22392178,5.05598497,5.01779366,4.64643383,4.01492023,3.64969921,3.9635036,4.08257437,4.15363026,3.82769322
Uganda,5.0709548,5.03950405,4.75769854,4.29922581,4.70028543,5.80522776,6.46337509,6.11315584,5.45659018,5.78845501,6.80890226,6.69590998,6.10853958,5.78252459,5.33653069,5.11239147,4.9682045,4.0002389,4.03115654,3.82522416
Ukraine,5.30685234,5.72534418,5.99220037,6.54574108,6.16856956,6.3461585,6.41695166,6.01705217,5.49728012,6.60771894,6.8122654,6.81617689,7.11665535,6.94155264,7.18958139,7.77609348,7.54540205,7.43332481,7.51988459,7.09860182
Upper middle income,5.523509258,5.484142934,5.400393778,5.458551038,5.385146251,5.34951245,5.272656141,5.178559945,5.215094506,5.644048941,5.42109993,5.351174568,5.388974619,5.466246144,5.522651715,5.633103476,5.636351656,5.778030033,5.726076339,5.85498917
Uruguay,9.21095848,9.79864407,9.68134212,9.61753464,8.30145359,7.75686073,7.74287415,7.49349833,8.12533188,7.9498806,7.91117096,7.94895601,8.0675621,8.11896133,8.07321835,8.29223633,8.67533779,8.82179165,9.01455498,9.34783173
United States,12.48431969,13.16362572,13.98185062,14.49863911,14.59480953,14.60504532,14.71834183,14.93882084,15.2670145,16.23350334,16.25922203,16.1985054,16.17543411,16.06451797,16.25333214,16.52407265,16.84432411,16.80583572,16.68710518,16.76706314
Uzbekistan,5.42173624,5.54972124,5.44828367,5.49766588,5.12983561,5.06766796,5.03525591,4.81405973,4.98551559,5.08302879,5.22166872,5.14376926,5.45723581,5.66173697,4.6729269,4.98760509,4.96638346,5.07679939,5.30275869,5.61760426
St. Vincent and the Grenadines,4.29551268,4.30074549,4.30659676,4.18275356,4.07436132,4.03522491,3.84620976,3.98138881,4.08864832,4.33336353,4.55129242,4.46511078,4.68828583,4.56956387,4.35374546,4.08409452,4.16448689,4.32440805,4.51017952,4.75291252
"Venezuela, RB",7.33427334,7.85063791,7.71828222,7.50704718,6.7815671,6.05509377,8.09861088,7.78345251,6.40868998,7.54578876,6.831038,7.17711306,6.44814396,5.59412289,5.77645016,4.34628868,3.91797352,4.66499233,4.92647457,5.36708355
British Virgin Islands,,,,,,,,,,,,,,,,,,,,
Virgin Islands (U.S.),,,,,,,,,,,,,,,,,,,,
Vietnam,3.81915784,4.51130724,3.59967494,3.66619444,3.7992034,4.01387453,4.24659586,4.30235815,4.05425787,4.16906261,4.69927359,4.6128521,5.00178242,5.07556248,4.6127553,4.56543732,4.51853609,4.71283436,5.03448868,5.24965572
Vanuatu,3.31252217,3.39338827,3.9043777,3.50691938,3.53991532,3.30528617,3.32175636,3.10785556,3.13810229,3.25197911,3.52656102,3.59819388,3.9356277,4.39234543,3.64668846,4.32168341,2.93130064,2.7629149,3.3463788,3.36034679
World,8.6301927,9.026595367,9.369731411,9.517444773,9.418790311,9.338336757,9.258510255,9.099427465,9.092546778,9.824727929,9.492586039,9.380888353,9.389561608,9.366310204,9.450611992,9.7429152,9.877934932,9.782553391,9.722822761,9.844515139
Samoa,4.39660835,3.93347454,4.64051867,4.2858696,4.64893484,4.76252794,5.01838207,4.87175083,4.65748072,5.26653099,5.29189062,5.4401269,5.07944012,6.44957209,6.60753155,5.78755045,5.4250021,5.56750727,5.47191095,6.36309385
Kosovo,,,,,,,,,,,,,,,,,,,,
"Yemen, Rep.",4.66606522,4.94515133,4.83237219,5.7575779,5.51440477,5.20585394,5.52929878,5.82077026,5.76191092,5.98620367,5.15933132,4.76953077,5.1959362,4.96083164,4.84180498,4.25285769,,,,
South Africa,8.16472149,7.93901682,7.46446323,7.91530371,7.76453447,7.68997431,7.6922164,7.68138409,7.88024807,8.52350235,8.66596985,8.74146175,8.77310753,8.85552406,8.55091476,8.79018974,8.82142925,8.72262383,8.85829735,9.10935497
Zambia,7.15237093,6.55248451,6.79403543,7.18999434,7.04994965,6.86332226,5.87367344,4.35264969,4.01207542,4.42680454,3.71929598,3.46053243,3.93052912,4.69091034,3.82924223,4.43510246,4.47720718,4.37697697,5.03271484,5.31220293
Zimbabwe,,,,,,,,,,,10.47583866,8.08173752,6.91835356,7.11014795,8.13352489,7.45206605,7.67516281,7.46975242,8.68006228,7.70356494
