Country Name,1960,1961,1962,1963,1964,1965,1966,1967,1968,1969,1970,1971,1972,1973,1974,1975,1976,1977,1978,1979,1980,1981,1982,1983,1984,1985,1986,1987,1988,1989,1990,1991,1992,1993,1994,1995,1996,1997,1998,1999,2000,2001,2002,2003,2004,2005,2006,2007,2008,2009,2010,2011,2012,2013,2014,2015,2016,2017,2018,2019,2020,2021
Aruba,,,,,,,,,,,,,,,,,,,,,,,,,,,,,,,,,,,,,,,,,,,,,,,,,,,,,,,,,,,,,,
Africa Eastern and Southern,,,,,,,,,,,,,,,,,,,,,,,,,,,,,,,165.8015276,164.1289762,162.5118153,161.2041059,161.5567687,156.6022595,153.891123,150.6219266,146.771985,142.4208622,137.5449914,132.1296314,126.4633285,120.8348265,115.4043538,110.1448593,105.2067126,100.2209939,95.33053644,90.5094233,86.11572214,82.05748353,78.25007097,74.81667325,71.79495789,69.13815746,66.51592775,64.24399372,62.07293632,60.05415038,58.15864958,
Afghanistan,358.2,352.2,346.3,340.6,335.1,329.8,324.4,318.8,313.3,307.9,302.1,296.6,291,285.4,279.6,273.8,268,262.1,256,249.7,243.6,237.2,230.7,224.2,217.5,210.9,204.4,197.7,191.2,184.7,178.4,172.2,166.3,160.7,155.5,150.6,146,141.5,137.3,133.2,129.2,125.2,121.1,116.9,112.6,108.4,104.1,99.9,95.7,91.7,87.8,84,80.3,76.9,73.6,70.4,67.5,64.8,62.3,60.1,58,
Africa Western and Central,,,,,,,,,,,,,,,,,,,,,,,,,,,,,,,198.0836867,196.6009915,195.0409914,193.3972504,191.4465908,189.01929,186.1701202,182.7122364,178.74312,174.259893,169.4711147,164.3553376,158.9838056,153.6297794,148.2783528,143.1011193,138.1644716,133.4750447,129.1176461,125.0638226,121.38325,118.0393257,114.9971079,112.1911899,109.6962866,107.2916927,104.637694,102.0320864,99.29113974,96.49428924,93.62702321,
Angola,,,,,,,,,,,,,,,,,,,,,237.3,234.6,232.1,229.9,227.9,226,224.6,223.8,223.3,222.9,222.8,222.6,222.7,222.7,222.5,221.7,220,217.4,213.8,209.6,204.4,198.4,191.5,183.8,175.1,166.1,156.4,147,137.7,128.7,120.4,112.5,105.1,98.5,92.9,88.1,84.1,80.6,77.3,74.2,71.5,
Albania,,,,,,,,,,,,,,,,,,,97.2,89.3,82.1,75.5,69.5,64.2,59.4,55.1,51.4,48.2,45.4,43,41,39.3,37.8,36.4,35.1,33.9,32.6,31.3,30,28.6,27.2,25.8,24.4,23,21.5,20,18.5,17.1,15.8,14.5,13.3,12.1,11.2,10.4,9.9,9.6,9.4,9.4,9.5,9.7,9.8,
Andorra,,,,,,,,,,,,,,,,,,,,,,,,,,20.8,19.6,18.4,17.2,16.1,15.1,14.2,13.3,12.4,11.7,11,10.4,9.7,9.2,8.6,8.2,7.7,7.3,6.9,6.5,6.1,5.8,5.4,5.1,4.8,4.5,4.2,4,3.8,3.5,3.3,3.2,3,2.8,2.7,2.5,
Arab World,,,,,,,,,,,,,,,,,,,,,,,,,,,,,,,80.91649639,78.468172,76.21161211,74.09545502,72.05245807,70.02823553,68.09332663,66.17357518,64.27460615,62.41282999,60.55947269,58.68500273,56.84083698,55.05752876,53.26149867,51.51764004,49.7665975,47.994989,46.19507879,44.47126503,42.96973593,41.75459068,41.36755449,40.60593811,39.65857468,38.62730663,37.68171538,36.23137417,35.61514683,34.88575942,34.08639899,
United Arab Emirates,198,188,178.2,168.2,158,147.7,137.3,127.1,116.8,106.9,97.4,88.4,80.1,72.6,65.7,59.4,53.6,48.3,43.5,39.2,35.3,32,29.1,26.7,24.6,22.7,21.2,19.8,18.6,17.5,16.5,15.7,14.9,14.2,13.6,13.1,12.6,12.2,11.8,11.5,11.1,10.9,10.6,10.3,10.1,9.8,9.6,9.4,9.2,8.9,8.7,8.4,8.2,8,7.8,7.6,7.4,7.2,7,6.8,6.6,
Argentina,,,,,,,,,,72.5,71.7,70.8,69.7,68.2,66.1,63.3,59.8,55.7,51.2,46.8,42.8,39.4,36.6,34.2,32.1,30.6,29.6,29.1,28.9,28.8,28.6,28.1,27.3,26.3,25.2,24.1,23.1,22.1,21.2,20.4,19.6,18.9,18.3,17.7,17.1,16.5,16.1,15.7,15.3,14.9,14.5,13.9,13.3,12.7,12.1,11.5,10.9,10.3,9.7,9.1,8.6,
Armenia,,,,,,,,,,,,,,,,,87.1,83.6,80.2,76.9,73.7,70.8,67.9,65.2,62.6,60.2,57.8,55.6,92.7,51.2,49.1,47,44.9,42.9,40.9,39,37.2,35.4,33.8,32.1,30.6,29.1,27.7,26.3,25,23.7,22.5,21.4,20.3,19.2,18.3,17.3,16.4,15.6,14.8,14.1,13.4,12.7,12.1,11.5,10.9,
American Samoa,,,,,,,,,,,,,,,,,,,,,,,,,,,,,,,,,,,,,,,,,,,,,,,,,,,,,,,,,,,,,,
Antigua and Barbuda,86.3,80.3,73.9,67.3,60.8,54.5,48.6,43.4,38.8,34.9,31.7,29,26.9,25.1,23.5,22.1,20.8,19.5,18.3,17.3,16.3,15.5,14.8,14.3,13.9,13.7,13.6,13.5,13.6,13.7,14,14.3,14.6,15,15.3,15.6,15.9,16,15.9,15.8,15.5,15.1,14.6,14.1,13.5,12.9,12.3,11.7,11.1,10.6,10,9.5,9,8.5,8.1,7.8,7.4,7.1,6.9,6.6,6.4,
Australia,24.9,24.3,23.7,23.2,22.7,22.3,22.1,22,21.9,21.7,21.5,21,20.3,19.4,18.4,17.3,16.2,15.2,14.4,13.6,13,12.5,12.2,11.9,11.6,11.3,11,10.6,10.2,9.7,9.2,8.7,8.2,7.7,7.3,7,6.8,6.6,6.4,6.3,6.2,6.1,6,5.9,5.8,5.7,5.6,5.4,5.2,5,4.8,4.5,4.3,4.1,4,3.9,3.8,3.8,3.7,3.7,3.7,
Austria,42.9,40.2,37.9,35.9,34.2,32.7,31.5,30.5,29.7,29.3,29,28.7,28.1,26.9,25.2,23.1,21,19.4,18.1,17.1,16.2,15.5,14.8,14.1,13.3,12.6,11.9,11.1,10.5,10,9.5,9.1,8.6,8,7.4,6.8,6.3,6,5.8,5.6,5.5,5.4,5.3,5.2,5.1,4.9,4.7,4.6,4.5,4.5,4.3,4.2,4,3.9,3.8,3.7,3.6,3.6,3.6,3.6,3.6,
Azerbaijan,,,,,,,,,,,,,,,,,,,,,,,109.6,107.1,104.5,102.1,99.9,98.1,96.5,95.5,95,95.2,95.6,95.7,95.2,93.9,91.7,88.4,84.4,79.6,74.4,69.3,64.3,59.7,55.6,51.9,48.6,45.5,42.7,39.9,37.3,34.9,32.5,30.3,28.2,26.3,24.5,22.8,21.5,20.4,19.4,
Burundi,,,,,240.7,242.9,245.2,247.1,248.7,250.1,251.3,251.6,317.3,252.1,252.1,251.7,250.4,247,241.6,234,224.9,214.3,203.6,192.9,183.3,176.1,171.3,168.7,168.1,168.8,170.1,171.3,172.4,193.8,172.7,172,170.1,167.5,163.8,159.3,154.5,149.4,143.8,138.1,131.9,124.9,117.6,110.5,103.6,97.1,91,85.5,80.3,75.5,71.3,67.6,64.4,61.5,59,56.6,54.4,
Belgium,33.8,32.4,31.2,30,28.9,27.9,27,26.2,25.5,24.8,24,23.1,22,20.8,19.6,18.5,17.5,16.7,15.9,15.2,14.6,13.9,13.3,12.7,12.2,11.7,11.4,11,10.7,10.3,10,9.7,9.3,8.8,8.2,7.6,7.1,6.6,6.3,6,5.8,5.6,5.4,5.2,5.1,4.9,4.8,4.7,4.6,4.5,4.4,4.4,4.3,4.2,4.1,4.1,4.1,4.1,4.2,4.2,4.2,
Benin,309.9,304.9,299.8,294.7,289.6,284.2,279.2,274.3,269.7,265.1,260.5,256.1,251.4,246.6,241.7,236.7,231.6,226.5,221.7,217.1,212.7,208.5,204.5,200.5,196.7,192.8,188.9,185,181,176.9,172.9,168.9,164.8,160.9,157.1,153.4,150,146.6,143.4,140.1,136.8,133.7,130.5,127.4,124.4,121.5,118.8,116.2,113.7,111.3,109,106.7,104.4,102.1,99.8,97.6,95.4,93.2,90.9,88.4,85.9,
Burkina Faso,345.5,341.6,338.2,335.1,331.9,328.9,326.2,323.8,321.5,319.2,316.5,313.3,308.9,302.7,294.7,285.2,274.7,264.4,255,246.8,239.9,234.2,229.1,224.4,219.9,215.3,210.6,206.4,202.9,200.5,199.1,198.4,198.2,197.7,196.8,195.1,192.5,189.4,186.1,182.6,178.9,174.9,170.4,165.3,159.5,153.1,146.3,139.5,132.9,126.9,121.5,116.9,112.5,108.3,104.5,100.9,97.5,94.1,90.8,87.8,85,
Bangladesh,262.6,256.2,250.4,245.1,240.5,236.5,233.5,231.3,229.7,228.7,273.8,371.3,227.7,227.1,225.9,224.2,221.8,218.6,214.9,210.5,205.7,200.7,195.3,189.7,183.9,177.8,171.5,165.1,158.7,152.4,146.1,139.8,133.5,127.2,120.9,114.7,108.6,102.6,96.8,91.3,86,81.1,76.5,72.3,68.3,64.6,61,57.8,54.7,51.8,49.1,46.7,44.4,42.2,40.1,38.1,36.1,34.2,32.4,30.7,29.1,
Bulgaria,55.4,48.8,44,40.8,38.8,37.7,37,36.4,35.5,34.1,32.5,31,30,29.5,29.2,28.7,28.1,27.1,26,24.9,23.8,23,22.2,21.5,20.7,19.7,18.7,18,17.7,17.9,18.4,19,19.2,19.2,19.1,19.3,19.4,19.3,18.9,18.3,17.5,16.7,15.9,15.1,14.2,13.3,12.4,11.8,11.4,11.1,10.8,10.4,9.8,9.3,8.7,8.2,7.7,7.3,7,6.6,6.1,
Bahrain,197.9,181.2,165.6,151.1,137.7,125.4,114,103.3,93.5,84.5,76.3,68.9,62.3,56.5,51.5,47,43.2,39.9,37,34.4,32.2,30.3,28.7,27.3,26.1,25,24.2,23.7,23.4,23.2,23,22.7,22.1,21.1,19.7,18.1,16.6,15.2,14,13.1,12.5,12,11.6,11.3,11,10.6,10.2,9.8,9.3,8.9,8.5,8.2,8,7.8,7.7,7.6,7.5,7.3,7.1,7,6.8,
"Bahamas, The",,,,,,,,,29.4,29.9,30.5,30.9,31.3,31.5,31.6,31.5,31.2,30.9,30.4,29.9,29.4,29,28.7,28.4,28.1,27.8,27.3,26.6,25.6,24.6,23.5,22.4,21.3,20.3,19.4,18.5,17.7,17,16.5,16.3,16.3,16.4,16.5,16.7,16.8,16.8,16.7,16.5,16.2,15.9,15.6,15.2,14.9,14.6,14.3,14,13.7,13.3,13,22.4,12.3,
Bosnia and Herzegovina,,,,,,,,,,,,,,,,,,,,,,,,,29.4,27,24.9,23,21.2,19.6,18.1,16.8,35.5,35,26.1,14,12.2,11.5,10.9,10.3,9.9,9.6,9.3,9.2,9.1,8.9,8.6,8.3,7.9,7.5,7.2,6.9,6.7,6.5,6.4,6.3,6.2,6.1,6,5.9,5.7,
Belarus,,,,,,,,,,,,,,,,,,,,,21,20.2,19.4,18.7,18.1,17.6,17,16.4,15.9,15.5,15.2,15.2,15.3,15.5,15.7,15.7,15.5,15.1,14.5,13.7,12.7,11.8,10.9,10.1,9.4,8.7,8,7.3,6.6,6.1,5.6,5.2,4.9,4.6,4.3,4.1,3.9,3.6,3.4,3.1,2.9,
Belize,,,,,,,,111,106.4,101.7,97.4,93.2,89.3,85.6,82.2,78.9,75.8,72.9,70.1,67.4,64.7,62.1,59.5,56.9,54.3,51.6,48.9,46.2,43.5,40.9,38.4,36,33.9,32,30.4,28.9,27.6,26.4,25.4,24.4,23.6,22.8,22.2,21.7,21.3,20.9,20.6,20.3,19.9,19.4,18.9,18.3,17.7,16.9,16.1,15.3,14.5,13.7,12.9,12.3,11.7,
Bermuda,,,,,,,,,,,,,,,,,,,,,,,,,,,,,,,,,,,,,,,,,,,,,,,,,,,,,,,,,,,,,,
Bolivia,290.9,284.8,278.6,272.4,266.3,260,254,247.7,241.6,235.4,229.2,222.9,216.5,210.1,203.7,197.2,191.1,185,179.3,174,169,164.4,159.9,155.5,151,146.3,141.4,136.5,131.5,126.6,121.7,116.9,112.2,107.6,103,98.4,93.8,89.2,84.6,80.1,75.6,71.3,67.2,63.3,59.6,56.2,52.9,49.8,46.9,44.1,41.6,39.2,37,34.9,33,31.3,29.9,28.6,27.4,26.3,25.4,
Brazil,169.8,165.2,160.7,156.5,152.7,149.2,146,142.8,139.7,136.5,133.1,129.7,126.3,122.9,119.5,116.1,112.6,108.9,104.9,100.7,96.3,91.9,87.7,83.8,80.3,77,74,71.2,68.5,65.8,63.1,60.4,57.4,54.3,51.1,48,45,42.2,39.6,37.1,34.7,32.5,30.4,28.4,26.5,24.8,23.2,21.8,20.6,19.5,18.6,17.9,17.2,16.7,16.3,15.9,16.7,15.4,15.2,14.9,14.7,
Barbados,84.5,78.4,73.2,68.7,64.7,61.1,58,55.3,52.8,50.3,47.9,45.5,43.1,40.8,38.6,36.4,34.3,32.3,30.4,28.6,26.9,25.5,24.4,23.4,22.6,21.9,21.2,20.4,19.7,18.9,18.1,17.4,16.6,16,15.5,15.2,14.9,14.8,14.8,14.9,15.1,15.3,15.5,15.7,15.7,15.7,15.6,15.4,15.3,15.1,15,14.8,14.7,14.6,14.3,14,13.7,13.4,13,12.6,12.2,
Brunei Darussalam,122.4,110,98.3,88,79.5,72.9,68,64.1,60.8,57.6,54,50.1,45.9,41.6,37.5,33.7,30.4,27.4,24.9,22.6,20.7,19,17.6,16.5,15.6,14.8,14.2,13.8,13.5,13.3,13.3,13.3,13.2,13.1,12.8,12.4,12,11.5,11.1,10.7,10.3,10.1,9.8,9.7,9.6,9.5,9.5,9.5,9.5,9.6,9.7,9.8,10,10.2,10.4,10.6,10.8,11,11.2,11.4,11.5,
Bhutan,,,,,,,,,293.3,284.2,275.4,267,258.1,249.7,241.5,233.4,225.7,217.5,210,202.3,194.9,187.2,179.9,172.7,165.8,158.9,152.2,145.7,139.4,133.3,127.4,121.7,116.2,110.9,105.7,100.7,95.7,90.9,86.1,81.6,77.2,72.9,68.9,65,61.2,57.5,54.1,50.8,47.8,44.9,42.4,40,38,36.2,34.6,33.1,31.9,30.7,29.6,28.6,27.6,
Botswana,168.1,162.9,158,153.2,148.7,144.5,140.2,135.9,131.6,127.2,122.4,117.6,112.6,107.5,102.3,96.9,91.6,86.4,81.4,76.8,72.4,68.3,64.4,60.9,57.7,54.7,52.2,50.1,48.7,48.3,48.9,50.8,53.7,57.1,60.9,65.2,69.2,73,76.3,78.7,80.5,80,78.3,76.1,72.7,67,61.5,58.6,57.6,55.3,51.4,51.9,50.8,49.6,50.2,49.7,49.2,47.8,47,45.9,44.8,
Central African Republic,280.3,275,269.5,264,258.3,252.1,246.2,240.2,234.3,228.6,223.2,218.2,213.5,209.2,205.1,201.3,197.8,194.4,191.1,188.3,185.7,183.5,181.7,180.2,179,177.9,176.8,176,175.7,176.1,176.7,176.9,176.7,176.1,175.4,174.6,173.7,172.8,171.5,170.2,168.9,167.4,165.8,164.2,162.5,160.8,158.3,155.6,152.8,148.9,145,140.5,136.2,132.5,128.2,123.3,118.2,114.5,111.1,106.6,103,
Canada,32.6,31.5,30.5,29.4,28.2,27.1,26,25,24,23,22,20.9,19.9,18.9,17.9,17,16,15.1,14.2,13.3,12.5,11.8,11.2,10.6,10.1,9.8,9.4,9.1,8.8,8.5,8.2,8,7.7,7.4,7.2,6.9,6.7,6.5,6.4,6.3,6.2,6.2,6.2,6.2,6.1,6.1,6,6,5.9,5.8,5.7,5.7,5.6,5.5,5.4,5.4,5.3,5.2,5.1,5.1,5,
Central Europe and the Baltics,,,,,,,,,,,,,,,,,,,,,,,,,,,,,,,19.48159241,18.85205163,18.1711163,17.61860445,17.02288971,16.32873962,15.50121345,14.62933491,13.74220441,12.98321561,12.24332141,11.63624485,11.21167819,10.87698607,10.44209821,9.900442762,9.275349705,8.701068805,8.182059286,7.708581783,7.33099819,6.982820506,6.624633319,6.332761208,6.02653522,5.769004721,5.463623039,5.228100858,5.01589049,4.851054225,4.745719218,
Switzerland,26.5,26,25.3,24.5,23.6,22.6,21.6,20.7,19.9,19.2,18.4,17.6,16.7,15.8,14.8,13.8,12.9,12.1,11.4,10.9,10.4,10,9.7,9.4,9.2,9,8.9,8.8,8.6,8.4,8.2,7.8,7.5,7.1,6.7,6.4,6.2,6,5.8,5.7,5.6,5.5,5.4,5.3,5.2,5.1,4.9,4.8,4.7,4.6,4.6,4.5,4.4,4.4,4.3,4.3,4.2,4.2,4.1,4,4,
Channel Islands,,,,,,,,,,,,,,,,,,,,,,,,,,,,,,,,,,,,,,,,,,,,,,,,,,,,,,,,,,,,,,
Chile,157.1,148.5,142,135.7,126.9,115.5,103.8,94,86.7,82.1,79.9,78.8,77.7,75.5,71.1,64.4,56.5,48.8,41.9,36.7,33,29.9,27,24.6,23,22.4,22.2,21.9,21.4,20.4,19.1,17.6,16.2,15,13.9,13.1,12.5,12.2,11.9,11.5,10.9,10.3,9.8,9.5,9.3,9.1,9,8.9,8.9,8.8,8.7,8.5,8.4,8.3,8.1,7.9,7.7,7.4,7.2,7,6.8,
China,,,,,,,,,,118.4,112.5,106.8,101.3,95.7,90.2,84.7,79.4,74.5,70,66,62.6,59.9,57.6,55.9,54.8,54.2,53.9,53.9,54,54,53.7,53.2,52.2,50.9,49.3,47.5,45.6,43.5,41.4,39.1,36.7,34.1,31.5,28.8,26.3,24,21.9,20.1,18.5,17,15.8,14.6,13.5,12.5,11.6,10.7,9.9,9.2,8.5,7.9,7.3,
Cote d'Ivoire,317.9,309.9,302.1,294.5,287.1,279.9,272.6,265.7,258.8,251.6,244.5,237.2,229.3,220.9,212.4,203.8,195.5,187.7,180.6,174.5,169.5,165.1,161.6,158.7,156.4,154.5,153.3,152.5,152.2,152.4,152.8,153.2,153.6,153.9,153.8,153.3,152.2,150.6,148.5,146.1,143.3,140.1,136.7,133.1,129.5,125.6,122,118.2,114.2,109.9,106.3,103.1,100.1,97,93.6,90.8,88.4,86,83.2,80.3,77.9,
Cameroon,278.4,272.2,267.2,262.7,258,252.6,245.8,237.8,229.3,220.4,212,204.7,198.9,194.8,192.3,191,189.9,188.5,186.5,183.5,179.1,173.9,167.7,161.3,154.8,148.8,143.6,139.7,137.1,135.9,136.3,137.8,140,142.5,144.8,146.4,147.6,148.1,147.8,146.3,143.9,140.9,137.5,134,130.6,127.5,124.2,121,117.6,114.3,110.1,105.8,101.3,96.7,92.4,88,84.2,80.6,77.3,74.7,72.2,
"Congo, Dem. Rep.",,,,,,,,,,250.6,247.4,244.1,240.7,237.3,233.8,229.9,226.2,222.5,218.9,215.4,212,208.9,205.9,203,200.1,197.5,195,192.5,190.2,187.9,185.7,183.4,181.3,179.3,177.2,175.1,172.8,170.2,166.9,163.3,159.3,154.9,150.4,145.7,140.9,136.1,131.4,126.7,122.3,118,113.8,109.9,106.1,102.5,99.2,95.9,92.8,89.6,86.6,83.8,81.2,
"Congo, Rep.",193.9,186.2,179.1,172.4,166.5,160.9,155.6,150.4,145.6,141.1,137.1,133.2,129.6,126.3,123.2,120.3,117.6,114.9,112.3,109.8,107.1,104.6,102,99.4,96.9,94.5,92.5,91,90.3,90.3,91.3,92.9,95.1,98.1,101.5,104.9,108.6,111.9,114.4,115.2,114.1,111.1,106.2,100.2,93.3,86.4,79.8,74,69,65,62,59.7,57.9,56.2,54.4,52.6,50.8,49.1,47.6,52.5,44.6,
Colombia,134.6,130.2,126.1,122.2,118.5,114.9,111.4,108.1,104.6,101.1,97.5,93.9,90.1,86.3,82.4,78.2,74.1,69.9,65.9,62,58.3,54.8,51.5,48.6,45.9,43.6,41.5,39.7,38.2,36.8,35.6,34.4,33.2,32.1,31,29.9,28.8,27.8,26.8,25.9,25.1,24.3,23.5,22.8,22.1,21.5,20.8,20.2,19.5,18.9,18.3,17.7,17.1,16.6,16,15.5,15,14.6,14.1,13.6,13.2,
Comoros,,,,,,,,,,,228.2,223.1,218.1,213,208,202.9,197.8,192.4,186.6,180.6,174.7,168.9,163.2,157.5,152.1,146.9,141.9,137.3,132.9,128.9,124.9,120.9,117,113.3,110.1,107.5,105.3,103.6,102.3,101.4,100.6,100.2,100.1,99.6,98.5,96.7,94.4,91.9,89.5,86.9,84.6,82,79.4,76.9,74.7,72.3,70.1,67.9,65.7,63.5,61.3,
Cabo Verde,180.5,178.4,176.3,174.1,171.4,168.4,164.6,160.3,155.7,150.5,144.5,138.1,131.4,124.8,118.3,112,106.2,100.9,96.4,92.8,90.1,88.1,86.4,84.8,82.6,79.6,75.7,71.3,67,63.2,60.3,58.7,57.9,57.7,57.5,56.6,54.6,51.3,47.1,42.5,38.1,34.4,31.6,29.8,28.6,28.1,27.9,27.8,27.5,27,26.3,25.2,24,22.5,21,19.5,18.1,16.8,15.8,14.9,14.2,
Costa Rica,96,93.3,92.4,92.4,92,90.3,87.7,84.9,81.9,78.5,74.7,70.1,64.6,58.3,51.8,45.3,39.3,33.9,29.5,26.4,24.4,23.4,22.9,22.7,22.5,22,21.2,20.1,18.8,17.7,16.8,16.1,15.6,15.3,15,14.9,14.7,14.4,14.1,13.6,13.1,12.6,12.1,11.8,11.5,11.3,11.2,11.1,10.9,10.7,10.5,10.2,9.9,9.6,9.3,9.1,8.9,8.7,8.4,8.2,7.9,
Caribbean small states,,,,,,,,,,,,,,,,,,,,,,,,,,,,,,,34.97994773,33.98983633,33.03345074,32.1150573,31.20673936,30.34666877,29.53519382,28.76862754,28.06292357,27.39143271,26.73662748,26.11444075,25.56557463,25.05997395,24.51592188,24.02247602,23.53200592,23.00651381,22.58010767,22.09326835,21.56475423,21.03935755,20.535088,19.99512526,19.43667885,18.86726862,18.36123547,17.82269908,17.28568245,17.20832624,16.24057618,
Cuba,54.2,52.2,50.2,48.4,46.5,44.7,43,41.2,39.5,37.8,36.1,34.5,32.9,31.4,29.9,28.4,27,25.7,24.4,23.2,22.1,21,20,19,18.1,17.3,16.4,15.7,14.9,14.2,13.6,12.9,12.4,11.8,11.3,10.8,10.4,9.9,9.5,9.2,8.8,8.5,8.2,7.9,7.6,7.4,7.2,6.9,6.7,6.5,6.4,6.2,6.1,5.9,5.8,5.7,5.5,5.4,5.3,5.2,5.1,
Curacao,,,,,,,,,,,,,,,,,,,,,,,,,,,,,,,,,,,,,,,,,,,,,,,,,,,,,,,,,,,,,,
Cayman Islands,,,,,,,,,,,,,,,,,,,,,,,,,,,,,,,,,,,,,,,,,,,,,,,,,,,,,,,,,,,,,,
Cyprus,,,,,,,,,,,,38,35.4,33,30.4,27.7,25,22.4,20.3,19.2,18.7,18.4,17.7,16.4,14.8,13.2,12,11.4,11.2,11.2,11.2,11.2,10.8,10.2,9.6,9.1,8.5,8,7.5,6.9,6.5,6,5.6,5.2,4.8,4.5,4.2,3.9,3.7,3.5,3.4,3.2,3.1,3,2.9,2.9,2.9,2.8,2.8,2.8,2.8,
Czech Republic,,,,,,,,,,,,,,,,,,,,,,15.4,15,14.6,14.4,14.2,13.9,13.5,12.9,12.5,12.1,11.7,11.1,10.2,9.4,8.5,7.7,7,6.3,5.8,5.5,5.2,5,4.8,4.6,4.4,4.1,3.9,3.7,3.5,3.4,3.3,3.2,3.1,3.1,3.2,3.2,3.2,3.1,3,2.9,
Germany,,,,,,,,,27.1,26.4,25.6,24.9,24,23.1,22,20.8,19.5,18.3,17.1,16,15,14.1,13.2,12.4,11.8,11.1,10.6,10.1,9.5,9,8.5,8,7.6,7.2,6.8,6.5,6.2,5.9,5.7,5.5,5.4,5.2,5.1,5,4.9,4.7,4.6,4.5,4.4,4.3,4.2,4.1,4,4,4,3.9,3.9,3.9,3.8,3.7,3.7,
Djibouti,,,,,,,,,,,,,,,,,173.5,168.5,163.9,159.5,155,150.7,146.4,142.2,138.1,134.2,130.5,127,123.8,120.8,118.2,116,114.1,112.5,111,109.7,108.2,106.6,104.9,103,101,98.6,96.1,93.6,91.1,88.7,86.1,83.6,81.2,78.8,76.6,74.4,72.2,70.1,68,65.8,63.8,61.8,59.7,57.8,55.9,
Dominica,138.3,125.8,114.5,104.2,94.9,86.4,78.7,71.7,65.4,59.7,54.5,49.8,45.6,41.8,38.4,35.4,32.7,30.2,28.1,31.4,24.5,23.1,21.8,20.7,19.7,18.9,18.2,17.6,17.1,16.7,16.4,16.1,16,15.9,15.8,15.9,15.9,16.1,16.3,16.6,16.9,17.3,17.8,18.4,19,19.7,20.5,21.4,22.3,23.4,24.6,25.8,27.1,28.4,29.8,31.1,32.4,33.5,34.4,35,35.4,
Denmark,25,24.5,23.8,23,22.1,21.1,20,19,18.1,17.4,16.7,15.8,14.9,13.9,13.1,12.3,11.6,11.1,10.6,10.3,10,9.7,9.6,9.5,9.6,9.6,9.7,9.7,9.6,9.4,9,8.4,7.9,7.3,6.9,6.5,6.2,6,5.9,5.8,5.7,5.6,5.5,5.4,5.2,5,4.8,4.5,4.4,4.2,4.1,4.1,4.1,4.1,4.1,4.1,4.1,4,3.9,3.7,3.6,
Dominican Republic,147.5,146.4,144.8,142.9,140.6,138.1,135.4,132.5,129.7,126.8,123.7,120.4,116.8,113,108.9,104.8,100.9,97.2,93.6,90.2,86.9,83.7,80.6,77.7,74.9,72.2,69.6,67,64.5,62,59.5,57.1,54.7,52.4,50.1,48,46,44.2,42.6,41.2,40,39,38.1,37.4,36.9,36.4,36,35.7,35.5,35.3,35.1,35,35,35,35,35,35,34.9,34.8,34.4,33.8,
Algeria,241.1,241.2,241.7,242.6,243.5,244.5,245.2,245.2,244.2,242,238.5,233.6,227.5,220.2,212.1,203.1,193.8,184,173.8,162.8,150,135.3,119.2,102.8,87.3,74.5,65,58.4,53.9,51,49.1,47.7,46.6,45.5,44.4,43.3,42.3,41.4,40.7,40.2,39.7,38.9,37.8,36.5,35.1,33.6,32.1,30.7,29.5,28.4,27.4,26.7,26.2,25.8,25.5,25.2,24.8,24.3,23.8,23.3,22.7,
East Asia & Pacific (excluding high income),,,,,,,,,,,,,,,,,,,,,,,,,,,,,,,59.69826798,58.61159133,57.2343006,55.67225694,53.95653664,52.13085653,50.24301353,48.22843962,46.22548504,44.0839671,41.86286108,39.50390213,37.19781647,34.87212479,33.72860826,30.72938543,28.87675474,27.23250045,26.74574967,24.28367759,23.05272608,21.85175207,20.72919893,19.70590556,18.77191938,17.87619197,17.057941,16.33448573,15.63312279,15.02301557,14.43746061,
Early-demographic dividend,,,,,,,,,,,,,,,,,,,,,,,,,,,,,,,109.2157605,106.1109731,103.1370999,100.2320438,97.92338259,94.42641069,91.43691877,88.3442677,85.2937391,82.22769379,78.86303352,75.69655255,72.57654667,69.62739861,67.24715204,64.01128447,61.31288491,58.65882832,56.43563674,53.35900097,51.32032584,48.39942738,46.28189711,44.22642571,42.29333022,40.44694854,38.734838,36.99263051,35.44290577,34.045433,32.71967376,
East Asia & Pacific,,,,,,,,,,,,,,,,,,,,,,,,,,,,,,,56.8,55.6,54.2,52.6,50.9,49.1,47.3,45.4,43.5,41.5,39.4,37.3,35.1,33,31.9,29.1,27.4,25.8,25.4,23,21.8,20.7,19.7,18.7,17.8,17,16.3,15.6,14.9,14.3,13.8,
Europe & Central Asia (excluding high income),,,,,,,,,,,,,,,,,,,,,,,,,,,,,,,46.60968032,46.22654255,46.28810446,46.15838247,45.64063225,44.61714703,43.27696253,41.59755617,39.67741241,37.57693274,35.3293806,33.06809118,30.83711968,28.76380419,26.76529925,24.92435223,23.24146092,21.68545383,20.31929149,19.12444229,18.04921475,17.09675561,16.2211497,15.37374877,14.57135637,13.79701662,13.02846525,12.36306461,11.75683913,11.2116073,10.71112844,
Europe & Central Asia,,,,,,,,,,,,,,,,,,,,,,,,,,,,,,,30.7,30,29.6,29,28.3,27.3,26.2,25,23.8,22.5,21.2,19.9,18.7,17.5,16.4,15.4,14.5,13.7,13,12.3,11.7,11.2,10.8,10.3,9.9,9.4,9,8.6,8.3,7.9,7.6,
Ecuador,174.8,169.8,165,160.5,156.1,152.2,148.7,145.6,142.8,140.1,137.1,133.8,129.9,125.4,120.3,115,109.9,105,100.4,95.9,91.4,87,82.4,77.9,73.6,69.5,65.8,62.5,59.5,56.7,54.1,51.4,48.8,46.1,43.5,40.8,38.1,35.6,33.4,31.3,29.5,28,26.6,25.4,24.4,23.5,22.6,21.7,20.8,19.9,19,18.1,17.3,16.6,15.9,15.4,14.8,14.4,13.9,13.4,13,
"Egypt, Arab Rep.",318.4,308.4,298.2,288.3,279.1,271,264.1,258.4,253.8,250,246.5,242.9,238.5,232.9,225.7,217.1,207.6,197.6,187.7,177.9,168.3,158.8,148.9,138.9,128.7,118.8,109.9,102.1,95.6,90.2,85.6,81.4,77.3,73.1,68.8,64.5,60.4,56.5,52.9,49.6,46.6,43.9,41.5,39.4,37.5,35.7,34.2,32.7,31.3,29.9,28.7,27.5,26.3,25.3,24.3,23.3,22.5,21.7,20.9,20.1,19.5,
Euro area,,,,,,,,,,,,,,,,,,,,,,,,,,,,,,,9.581041491,9.166503372,8.742085437,8.282602295,7.775955493,7.300744229,6.876180782,6.510312896,6.228191693,5.999522136,5.801598771,5.595208826,5.374208298,5.177697785,5.017875049,4.814012671,4.649138011,4.521799796,4.405105282,4.298837622,4.168126408,4.093434035,3.991256585,3.942226621,3.901165475,3.859778452,3.834500342,3.829540151,3.789841401,3.724084963,3.715279394,
Eritrea,,,,,,,,,,,,,,,217.3,212.4,207.8,203.6,199.7,196.3,193.4,190.5,187.6,184.7,181.5,178.1,174.3,170,165,159.3,153,145.9,138.2,130.2,122.2,114.4,107.2,100.8,95,89.8,85.2,81.1,77.3,73.8,70.5,67.5,64.6,61.9,59.4,57.1,55.1,53.1,51.2,49.5,47.9,46.3,44.8,43.3,41.9,40.6,39.3,
Spain,,,,,,,,,,,,,,,23.6,21.8,20.2,18.7,17.3,16,14.9,13.9,13,12.3,11.7,11.1,10.7,10.3,9.9,9.5,9.1,8.7,8.3,7.8,7.4,6.9,6.5,6.1,5.8,5.6,5.4,5.3,5.1,5,4.9,4.7,4.5,4.4,4.2,4,3.8,3.7,3.6,3.5,3.4,3.3,3.3,3.3,3.3,3.3,3.2,
Estonia,,,,,,,,,,,,,,,,,,,,,22.5,21.6,20.8,20.2,19.5,19,18.6,18.3,18,17.8,17.6,17.5,17.3,16.9,16.3,15.6,14.7,13.8,12.8,11.8,10.9,10.1,9.3,8.5,7.8,7.2,6.6,6,5.5,5,4.6,4.2,3.9,3.6,3.3,3.1,2.8,2.6,2.4,2.3,2.1,
Ethiopia,,,,,,,249,248.5,247.9,247.6,247.1,246.7,246.3,246,245.9,245.6,245.2,244.7,243.8,242.4,240.5,237.8,234.5,230.6,226.4,222.1,217.9,213.9,210,205.8,201.3,196.4,191,184.9,178.4,171.7,165.1,158.7,152.5,146.5,140.7,134.6,128.3,121.8,115.3,108.9,102.8,97,91.6,86.7,82,77.7,73.5,69.6,65.9,62.4,59,55.9,53.2,50.8,48.7,
European Union,,,,,,,,,,,,,,,,,,,,,,,,,,,,,,,12.27870888,11.70874354,11.1194089,10.55557761,9.968075618,9.394842439,8.831168181,8.307050438,7.853230342,7.477446077,7.140496279,6.83937709,6.574752141,6.356706645,6.14406417,5.877724441,5.61901912,5.397930342,5.198994395,5.01249353,4.832654426,4.698793109,4.543439823,4.439953839,4.341409145,4.255040535,4.165583071,4.110763789,4.031466588,3.943376296,3.909294832,
Fragile and conflict affected situations,,,,,,,,,,,,,,,,,,,,,,,,,,,,,,,168.9111501,167.0539194,165.1258977,163.3209758,160.6905233,158.0047438,155.0440342,151.6962446,148.0184811,144.6641512,140.0540756,135.7954291,131.4259574,127.0525668,122.6774407,118.4298449,114.3237601,110.2989996,107.703757,102.9791875,101.0568712,96.82740015,94.30278994,91.86023275,89.56029551,87.28954239,85.13236229,82.6667302,80.48493606,78.2934709,76.07034104,
Finland,26.9,25.2,23.8,22.5,21.3,20.2,19.2,18.4,17.6,16.8,16.1,15.4,14.6,13.9,13.1,12.3,11.4,10.6,9.9,9.2,8.7,8.2,7.9,7.6,7.5,7.3,7.3,7.2,7.1,6.9,6.7,6.4,6.1,5.8,5.5,5.2,4.9,4.7,4.6,4.4,4.3,4.2,4.1,4,3.9,3.7,3.6,3.5,3.3,3.2,3,2.9,2.8,2.7,2.6,2.5,2.4,2.4,2.4,2.3,2.3,
Fiji,78.6,75,71.6,68.5,65.6,63,60.8,59.1,57.9,57.1,56.5,56.2,55.9,55.5,54.9,54,52.6,50.9,49,46.8,44.6,42.5,40.4,38.5,36.8,35.3,33.9,32.6,31.3,30.1,29,27.9,26.9,26,25.2,24.5,23.8,23.3,22.9,22.6,22.4,22.3,22.4,22.5,22.8,23.1,23.4,23.7,23.8,23.7,23.6,23.6,23.5,23.7,23.9,24.4,24.9,25.5,26.2,26.9,27.4,
France,28.5,27,25.7,24.5,23.4,22.3,21.4,20.6,19.9,19.1,18.2,17.4,16.6,15.9,15.4,15,14.5,13.9,13.4,12.8,12.4,11.9,11.5,11.1,10.7,10.4,10.1,9.8,9.6,9.3,9,8.6,8.1,7.6,7,6.5,6.1,5.8,5.6,5.5,5.4,5.3,5.1,4.9,4.8,4.6,4.5,4.4,4.4,4.3,4.2,4.2,4.1,4.1,4.1,4.2,4.2,4.3,4.3,4.3,4.4,
Faroe Islands,,,,,,,,,,,,,,,,,,,,,,,,,,,,,,,,,,,,,,,,,,,,,,,,,,,,,,,,,,,,,,
"Micronesia, Fed. Sts.",125.4,120.3,115.3,110.6,106,101.6,97.4,93.3,89.6,85.9,82.6,79.5,76.6,74,71.5,69.2,67.1,65.3,63.7,62.3,61.2,60.3,59.5,58.8,57.8,56.7,55.4,53.8,52.1,50.5,49.1,47.8,46.8,45.8,44.9,43.9,42.8,41.6,40.3,39,37.8,36.7,35.9,35.2,34.8,34.7,34.6,34.5,34.2,33.7,33.1,32.3,31.6,30.7,29.9,28.9,28,27,26.2,25.4,24.7,
Gabon,222.4,215.6,209.1,202.7,196.7,190.8,185,179.3,174,168.6,163.5,158.5,153.6,148.8,144.2,139.7,135.4,131.1,127,123.1,119.3,115.6,112,108.7,105.7,102.8,100.2,97.9,95.8,94.1,92.5,91.2,90.1,89.2,88.4,87.7,87.1,86.3,85.4,84.3,82.9,81.4,79.6,77.8,75.8,73.6,71.6,69.2,66.7,64.2,61.7,59.3,57.1,54.9,52.8,50.3,47.4,45.5,44.1,43,41.7,
United Kingdom,26.6,26.1,25.6,24.9,24.2,23.4,22.8,22.2,21.8,21.4,21,20.6,20,19.4,18.7,18,17.2,16.4,15.7,14.9,14.1,13.4,12.7,12.2,11.7,11.4,11.1,10.8,10.4,9.9,9.3,8.7,8.2,7.7,7.4,7.2,7,6.9,6.8,6.7,6.5,6.4,6.3,6.2,6.1,6,5.9,5.8,5.6,5.4,5.2,5,4.8,4.7,4.5,4.5,4.4,4.4,4.3,4.3,4.2,
Georgia,,,,,,,,,,,,,,,,71.5,68.9,66.3,63.8,61.5,59.3,57.2,55.2,53.4,51.9,50.6,49.7,49,48.5,48.2,47.9,47.5,47.1,46.6,46,45.1,44,42.5,40.8,38.8,36.6,34.1,31.5,28.8,26.2,23.6,21.3,19.1,17.2,15.6,14.2,13,12.1,11.4,10.9,10.5,10.2,9.9,9.7,9.5,9.3,
Ghana,208.2,206.2,204.6,203.4,202.7,202.3,202.3,202.7,203,203,202.5,201.4,199.2,196,191.7,186.8,181.5,176.6,172.5,169.4,167.2,165.6,164,162,158.9,154.9,149.9,144.2,138.3,132.5,127.4,123.2,119.9,117.6,115.7,114.2,112.4,110.1,107.2,103.7,99.7,95.7,91.9,88.5,85.6,83,80.6,78,75.3,72.3,69.1,65.9,62.7,59.8,57.1,54.6,52.2,50.1,48.1,46.4,44.7,
Gibraltar,,,,,,,,,,,,,,,,,,,,,,,,,,,,,,,,,,,,,,,,,,,,,,,,,,,,,,,,,,,,,,
Guinea,348,345.6,343.3,340.6,338.1,335.3,332.5,329.6,326.8,323.7,320.7,317.4,314.1,310.9,307.1,303.2,299,294.4,289.7,284.9,280,275.1,270.4,265.8,261,256.4,251.7,247.1,242.4,237.3,231.8,225.9,219.5,212.9,206,199,192,185.2,178.2,171.2,164.2,157.4,150.9,144.9,139.5,134.7,130.4,126.6,123.3,120.3,117.7,115.3,113,110.7,109.2,107.3,104.6,102.6,100.4,98,95.6,
"Gambia, The",360.1,353.1,346.6,339.9,333.4,326.8,320.5,314.1,307.5,301.4,295.1,288.7,282,275.4,268.7,261.9,255.1,248.6,242.4,236.1,229.7,223.5,217,210.3,203.8,197.1,190.7,184.2,178,172.1,166.3,160.7,155.1,149.6,144,138.5,133.2,128.1,123,118.1,113.4,108.7,104.2,99.8,95.6,91.5,87.6,83.8,80.3,76.8,73.6,70.6,67.7,65,62.4,59.8,57.4,55.1,53.1,51.2,49.4,
Guinea-Bissau,,,,,,,,,,,,,,,,,,,,,,,,,,244,239.3,234.9,230.7,226.5,222.3,217.9,213.4,208.9,204.1,199.1,194.1,189.1,184.1,179,173.8,168.4,162.8,156.8,150.7,144.5,138.3,132.2,126.1,120.2,114.5,109.1,104.2,99.7,95.7,92.1,88.7,85.5,82.5,79.6,76.8,
Equatorial Guinea,,,,,,,,,,,,,,,,,,,,,,,200.4,196.4,192.3,188.6,185.6,183.2,181.3,179.6,178,176.5,175.2,173.9,172.5,170.9,168.9,166.4,163.4,159.7,155.7,151.4,147.1,142.8,138.2,133.5,129,124.4,119.7,115.3,111.2,107.4,103.6,100.2,96.8,93.2,90,86.9,83.9,81.2,78.5,
Greece,45.8,45.1,44.1,42.6,40.9,39.4,38.5,37.7,36.1,33.5,30.9,29.1,28.2,27.6,27.1,26.4,25.3,23.8,22.3,20.9,19.5,18.2,17.1,16.1,15.4,14.7,13.8,12.8,11.8,11.1,10.4,9.9,9.4,9.1,8.8,8.5,8.1,7.7,7.3,6.9,6.4,6,5.6,5.2,4.9,4.6,4.3,4.1,4,3.9,3.9,4,4,4.1,4.3,4.4,4.4,4.3,4.2,4.2,4.1,
Grenada,101.6,93.5,85.7,78.5,72.6,67.8,64.2,61.6,59.5,57.7,56.1,54.5,52.9,51.2,49.5,47.7,45.9,44,42,40,38,36,34.1,32.3,30.6,29,27.5,26.1,24.8,23.6,22.4,21.2,20.2,19.2,18.4,17.6,17,16.5,16.1,15.8,15.5,15.2,15,14.8,14.7,14.6,14.6,14.6,14.7,14.9,15.1,15.3,15.5,15.8,16,16.2,16.4,16.6,16.6,16.5,16.4,
Greenland,,,,,,,,,,,,,,,,,,,,,,,,,,,,,,,,,,,,,,,,,,,,,,,,,,,,,,,,,,,,,,
Guatemala,221.2,215.9,210.8,205.9,200.9,195.9,190.9,185.8,180.9,175.8,170.8,165.7,160.6,155.6,150.6,145.7,161.8,136.1,131.3,126.6,122.1,117.5,134.7,108.7,104.4,100.1,95.9,91.9,87.9,84.1,80.4,76.9,73.4,70.2,67.2,64.3,61.6,59,56.6,54.3,52.1,50.1,48.1,46.2,44.4,42.7,41,39.4,37.8,36.3,34.8,33.4,32,30.7,29.5,28.3,27.3,26.4,25.4,24.5,23.6,
Guam,,,,,,,,,,,,,,,,,,,,,,,,,,,,,,,,,,,,,,,,,,,,,,,,,,,,,,,,,,,,,,
Guyana,92,88.2,84.9,82.1,80,78.2,76.7,75.6,74.8,74.2,73.8,73.5,73.3,73,72.8,72.5,72.1,71.7,71.2,70.6,70,69.3,68.6,67.9,67.2,66.4,65.5,64.5,63.3,62,60.6,59,57.4,55.8,54.2,52.8,51.4,50.1,48.9,47.6,46.4,45.2,44.2,43.2,42.2,41.4,40.5,39.7,39,38.2,37.4,36.7,35.9,35,34.1,33.1,32.1,31.2,30.2,29.3,28.4,
High income,,,,,,,,,,,,,,,,,,,,,,,,,,,,,,,12.4,11.9,11.3,10.7,10.2,9.6,9.2,8.8,8.4,8.1,7.8,7.6,7.4,7.2,7,6.8,6.6,6.4,6.3,6.1,5.9,5.8,5.6,5.5,5.4,5.3,5.2,5.1,5,5,4.9,
"Hong Kong SAR, China",,,,,,,,,,,,,,,,,,,,,,,,,,,,,,,,,,,,,,,,,,,,,,,,,,,,,,,,,,,,,,
Honduras,208.4,201.6,194.9,188.5,182,175.8,169.7,163.7,157.7,151.8,146.1,140.4,134.9,129.4,148.7,118.9,113.9,108.9,104,99.4,94.8,90.4,86.1,82,78.1,74.3,70.7,67.3,64.1,61,58.2,55.5,53,50.6,48.4,46.3,44.3,42.4,63.7,38.7,37,35.3,33.7,32.1,30.6,29.2,27.9,26.7,25.5,24.4,23.3,22.4,21.5,20.7,20,19.2,18.6,18,17.4,16.8,16.2,
Heavily indebted poor countries (HIPC),,,,,,,,,,,,,,,,,,,,,,,,,,,,,,,181.2810699,178.3650508,175.498943,172.9071482,171.6578145,166.1676926,162.5654029,158.6252594,154.612484,149.5743831,144.4562455,138.9273145,133.1834358,127.4582447,121.8790526,116.5639894,111.562969,106.7569185,102.2262781,97.89096143,95.27297722,90.04065862,86.34218975,82.83306374,79.64286166,76.71591326,73.73168926,71.11578117,68.65088298,66.35849066,64.12628556,
Croatia,,,,,,,,,,,,,,,,,,,,,,23.6,22.2,20.8,19.5,18.2,17,15.8,14.7,13.7,12.9,14,11.5,10.9,10.4,10,9.6,9.3,8.9,8.6,8.3,8,7.7,7.3,7,6.7,6.4,6.2,5.9,5.7,5.5,5.3,5.2,5.1,5,4.9,4.8,4.8,4.7,4.6,4.6,
Haiti,289.9,285.3,280.9,276.5,272.1,267.8,263.1,258.3,253.5,248.6,243.6,238.4,233.3,227.9,222.4,216.9,211.5,206.1,200.9,195.8,190.7,185.7,180.8,176,171.2,166.7,162.1,157.8,153.5,149.3,145.2,141,136.9,132.6,128.4,124.1,119.9,115.6,111.5,107.6,103.9,100.5,97.3,94.4,91.8,89.4,87.2,85.2,83.2,81.2,203.6,77.4,75.6,73.7,71.9,69.9,67.9,66,64.1,62.2,60.5,
Hungary,54.1,51.1,49.1,47.6,46.2,44.6,43.2,42,40.9,39.8,38.6,38,38.3,38.7,37.9,35.4,32.2,29.4,27,25.1,23.6,22.5,22.1,21.9,21.9,21.6,20.9,19.7,18.5,17.6,17.2,16.8,15.8,14.5,13.3,12.5,11.9,11.5,11.1,10.7,10.1,9.6,9,8.4,7.9,7.5,7.2,6.8,6.5,6.2,6,5.9,5.7,5.6,5.4,5.1,4.7,4.4,4.2,4.1,4,
IBRD only,,,,,,,,,,,,,,,,,,,,,,,,,,,,,,,78.16717169,76.56462948,74.90784297,73.17529423,71.30954267,69.32733329,67.22722255,65.00509972,62.74076248,60.57251874,58.04165105,55.61181812,53.17329095,50.77566198,48.89011228,46.09985741,43.8001587,41.54008441,39.26971836,37.08996766,34.94786637,32.9450113,31.1110309,29.41713628,27.89093452,26.46350229,25.25621322,24.04646539,22.92504381,21.97230432,21.08493962,
IDA & IBRD total,,,,,,,,,,,,,,,,,,,,,,,,,,,,,,,101.7471276,100.5215315,99.29039023,98.00947267,96.76857316,94.70732295,92.73419028,90.50755493,88.15489479,85.62189107,82.7781251,79.87671638,76.89734326,73.94873081,71.34286927,68.21384496,65.47393079,62.81879784,60.47325861,57.7643262,55.7027168,53.26398619,51.3185423,49.47810692,47.80463311,46.24211446,44.78607137,43.34414326,42.0339189,40.83055818,39.67228486,
IDA total,,,,,,,,,,,,,,,,,,,,,,,,,,,,,,,162.3101832,159.8854609,157.5001542,155.1918497,153.452462,149.543755,146.4185107,142.9398622,139.293646,135.0396494,130.7008039,126.1123911,121.4215801,116.8339402,112.352249,108.0985758,104.0858706,100.2663082,97.33183171,93.25305955,90.86963942,87.23423428,84.642859,82.10254644,79.73109863,77.48861393,75.16913767,72.88730534,70.80204025,68.7335706,66.69065331,
IDA blend,,,,,,,,,,,,,,,,,,,,,,,,,,,,,,,154.1422308,153.4763961,152.8016384,151.9462333,150.8362698,149.283535,147.3448833,144.8320282,141.8912571,138.5622222,135.0756269,131.3926641,127.6015114,123.9562259,120.3260579,116.8604617,113.5884312,110.4778978,107.5115218,104.8078805,102.3130392,100.0019191,97.78878906,95.74358396,93.8489726,92.02611852,90.17094353,88.18944581,86.0743459,83.93001099,81.69177271,
Indonesia,224,217.9,212,206.2,200.5,229.5,189.1,183.4,177.6,171.9,166.3,160.9,155.7,150.6,145.7,141.1,136.7,132.5,128.5,124.6,120.9,117.2,113.5,109.8,106.2,102.5,98.9,95.2,91.5,87.8,84,80.3,76.6,73,69.5,66.2,63.1,60.1,57.4,54.7,52.2,49.8,47.6,45.5,49.6,41.7,39.9,38.3,36.7,35.2,33.8,32.5,31.2,30,28.8,27.7,26.6,25.6,24.6,23.8,23,
IDA only,,,,,,,,,,,,,,,,,,,,,,,,,,,,,,,166.4078387,163.1033036,159.8585918,156.8194041,154.7624396,149.6738209,145.956354,141.9975778,138.0019826,133.2897569,128.5281002,123.4884328,118.3461683,113.281794,108.3638058,103.6999483,99.29460137,95.09239094,92.14751163,87.33802228,84.98283234,80.63697756,77.82431199,75.00591196,72.37113296,69.90234695,67.34193833,64.91300173,62.85945693,60.85169872,58.93446831,
Isle of Man,,,,,,,,,,,,,,,,,,,,,,,,,,,,,,,,,,,,,,,,,,,,,,,,,,,,,,,,,,,,,,
India,242.6,239.2,235.9,232.9,230,227.2,224.5,221.8,219.2,216.5,213.6,210.4,207,203.2,199.1,194.6,189.7,184.5,179.1,173.6,168.1,163,158.2,153.8,149.7,145.7,141.7,137.8,133.8,129.9,126.2,122.7,119.3,116,112.7,109.4,106,102.5,98.9,95.3,91.7,88.1,84.5,81.1,77.8,74.4,71.1,67.9,64.6,61.4,58.2,55,52,49,46.2,43.5,41,38.6,36.3,34.4,32.6,
Not classified,,,,,,,,,,,,,,,,,,,,,,,,,,,,,,,,,,,,,,,,,,,,,,,,,,,,,,,,,,,,,,
Ireland,35.3,33.9,32.5,31.3,30.1,28.6,27.1,25.5,24.1,23,22.2,21.7,21.4,21.1,20.6,20,19.1,18,16.8,15.5,14.3,13.2,12.4,11.7,11.1,10.7,10.4,10.1,9.9,9.6,9.2,8.6,8.1,7.7,7.4,7.3,7.3,7.3,7.3,7.3,7.1,6.9,6.5,6,5.6,5.2,4.9,4.6,4.4,4.3,4.2,4.1,4,3.9,3.8,3.7,3.6,3.4,3.3,3.2,3,
"Iran, Islamic Rep.",,,,,,,,,,,,188.8,179.7,170.9,162.2,153.5,144.6,135.4,126,117,108.2,100.1,92.8,86.6,81.1,76.3,71.9,67.9,64.1,60.6,57.5,54.6,52.1,49.9,47.8,45.9,44,42.1,40.2,38.2,36.2,34.2,32.2,30.2,28.2,26.4,24.7,23.1,21.7,20.4,19.3,18.3,17.5,16.8,16.1,15.5,14.9,14.4,13.9,13.4,12.9,
Iraq,191.2,180.3,170.3,161.1,152.6,144.9,137.7,131,124.8,119,113.6,108.4,103.5,98.9,94.4,90.2,86.2,82.5,79,75.9,72.9,70.2,67.7,65.4,63.3,61.4,59.6,58,56.6,55.2,54.1,53,51.9,51,50.1,49.1,48.2,47.3,46.3,45.4,44.5,43.5,42.6,41.8,40.9,40,39.1,38.1,37.1,36,34.9,33.8,32.8,31.7,30.7,29.7,28.8,27.9,27,26.1,25.2,
Iceland,21.5,21.1,20.7,20.3,19.8,19.2,18.5,17.9,17.2,16.6,16,15.4,14.8,14.1,13.5,12.8,12.2,11.5,10.8,10.2,9.6,9.1,8.7,8.3,7.9,7.6,7.4,7.1,6.9,6.7,6.5,6.2,6,5.7,5.5,5.2,5,4.7,4.5,4.3,4.1,3.9,3.7,3.5,3.4,3.2,3.1,3,2.9,2.8,2.7,2.6,2.5,2.4,2.4,2.3,2.2,2.1,2.1,2,1.9,
Israel,42,39.6,37.3,35.3,33.6,32.2,31.2,30.3,29.7,29.1,28.6,28.1,27.7,27.2,26.4,25.3,23.7,22,20.4,19.1,18.1,17.3,16.6,15.9,15.2,14.4,13.7,13.1,12.5,12.1,11.6,11.1,10.5,9.9,9.2,8.6,8.2,7.8,7.5,7.2,6.9,6.6,6.4,6.1,5.8,5.6,5.3,5.1,4.9,4.7,4.6,4.4,4.3,4.1,4,3.9,3.8,3.8,3.7,3.6,3.6,
Italy,51.9,49.8,47.6,45.4,43.1,41.1,39.3,37.8,36.4,35.1,33.5,31.8,29.8,27.6,25.3,23.1,21.1,19.5,18.2,17,16.1,15.2,14.3,13.5,12.7,12,11.4,10.8,10.4,10,9.7,9.3,8.9,8.5,8,7.5,7,6.6,6.2,5.9,5.6,5.3,5,4.8,4.6,4.5,4.3,4.2,4.1,4.1,4,3.9,3.8,3.7,3.6,3.5,3.4,3.3,3.2,3,2.9,
Jamaica,83,79.5,76.3,73.4,70.7,68.2,65.8,63.6,61.4,59.3,57.2,55.2,53.2,51.3,49.5,47.9,46.3,44.9,43.5,42.2,41,39.8,38.6,37.5,36.4,35.3,34.3,33.3,32.3,31.3,30.4,29.5,28.6,27.7,26.8,25.9,25.1,24.3,23.6,22.9,22.2,21.6,21.1,20.7,20.3,19.9,19.6,19.2,18.9,18.5,18,17.5,17,16.5,16,15.5,15.1,14.6,14.2,13.7,13.3,
Jordan,155.4,146.5,138.2,130.4,123.2,116.5,110.3,104.6,99.3,94.3,89.6,85.3,81.1,77.2,73.5,70,66.7,63.6,60.7,57.8,55.2,52.7,50.3,48,45.9,43.9,42.1,40.3,38.7,37.3,36,34.8,33.7,32.7,31.7,30.8,30,29.1,28.3,27.6,26.8,26.1,25.3,24.6,23.9,23.2,22.5,21.9,21.3,20.7,20.1,19.5,19,18.4,17.9,17.5,17,16.4,16,15.5,15,
Japan,39.7,36.2,32.8,29.7,27,24.6,22.6,21,19.6,18.5,17.5,16.5,15.7,14.9,14,13.3,12.5,11.8,11.1,10.5,9.9,9.3,8.8,8.3,7.9,7.5,7.1,6.8,6.6,6.4,6.3,6.2,6.1,6,5.9,5.7,5.5,5.2,5,4.7,4.5,4.3,4.1,4,3.9,3.7,3.6,3.5,3.4,3.3,3.2,3.2,3,2.9,2.8,2.7,2.7,2.6,2.6,2.5,2.5,
Kazakhstan,,,,,,,,,,,,86,83.8,81.8,80,78.4,76.9,75.6,74.3,72.6,70.6,68.5,66.2,63.9,61.7,59.6,57.5,55.6,53.9,52.6,51.9,51.8,52.1,52.7,53.1,52.8,51.7,50,47.7,45.2,42.5,39.9,37.5,35.2,33.1,31,29,26.8,24.7,22.5,20.4,18.3,16.3,14.6,13,11.9,11,10.5,10.3,10.1,10,
Kenya,197.2,189.1,182,175.9,170.9,166.9,163.5,160.4,157.4,154.2,150.9,147.3,143.7,139.9,135.9,131.7,127.4,123.1,118.7,114.5,110.7,107.1,103.8,101,98.7,97.1,96.2,96.3,97.2,99,101.5,104.4,107.2,109.3,110.6,110.7,109.8,108,105.4,102.1,98.5,94.2,89.8,85.4,81,76.3,72,68,63.5,59.9,57.4,55.5,54.1,52.3,50.6,48.9,47.2,45.9,44.3,43,41.9,
Kyrgyz Republic,,,,,,,,,,,,,,,,113,110.4,107.9,105.1,102.2,98.8,95.2,91.5,87.6,83.7,79.7,75.9,72.2,69.2,66.9,65.4,65.1,65.1,64.9,64.1,62.5,60.2,57.6,54.9,52.3,49.8,47.4,45.2,43.1,41.1,39.2,37.5,35.7,33.7,31.6,29.5,27.7,26.1,24.7,23.5,22.3,21.2,20.1,19.2,18.3,17.5,
Cambodia,,,,,,,,,,,,,,,,311.7,287.1,262.2,235.4,207.5,181.5,158.5,141,129.8,123.5,120,118,116.9,116.5,116.4,116.4,116.3,116.6,117.4,118.6,119.7,120.2,119.8,117.8,113.6,106.3,96.6,86.7,78,70.7,64.7,59.7,55.4,51.3,47.5,43.8,40.5,37.7,35.3,33.4,31.8,30.3,29,27.7,26.6,25.7,
Kiribati,199.1,194.4,188.9,183,176.6,170.2,163.6,157.3,151.4,145.7,140.5,135.9,132,128.7,126.3,124.7,123.5,122.4,121.4,120.1,118.6,116.9,115.1,113.2,110.9,108.5,105.7,102.6,99.1,95.5,91.8,88.3,85,82.1,79.5,77.3,75.3,73.5,71.7,69.8,68.1,66.6,65.5,64.8,64.6,64.7,65.1,65.5,65.6,65.2,64.4,63.3,62.1,60.8,59.2,57.6,56,54.5,52.8,51.2,49.6,
St. Kitts and Nevis,,,,,,,,,,,,71.3,68.5,65.8,63.4,61.1,59,57,55,52.8,50.3,47.7,45,42.3,39.8,37.5,35.5,33.8,32.4,31.3,30.4,29.8,29.2,28.8,28.3,27.9,27.3,26.6,25.8,24.8,23.8,22.7,21.6,20.6,19.8,19.1,18.6,18.1,17.9,17.7,17.5,17.4,17.4,17.3,17.2,16.9,16.6,16.2,15.8,15.4,15,
"Korea, Rep.",111.9,106.5,101.5,96.8,91.9,86.9,81.7,76.3,71,65.9,61.2,57.1,53.6,50.6,48.1,46,44.1,42.3,40.4,38.4,36.2,34,31.6,29.3,26.9,24.6,22.4,20.4,18.6,17,15.6,14.4,13.2,12.2,11.3,10.5,9.7,9.1,8.5,8,7.5,7.1,6.8,6.4,6,5.6,5.2,4.8,4.5,4.3,4.1,4,3.8,3.7,3.6,3.5,3.4,3.3,3.2,3.1,3,
Kuwait,139.9,130.6,121.8,113.5,105.6,98.1,91.3,85.1,79.5,74.5,70,65.7,61.8,58.1,54.5,51.2,47.9,44.8,41.9,38.9,36,33,30,27.3,25,23,21.5,20.2,18.8,17.5,16.2,15.3,14.6,14.3,14.1,14,13.7,13.5,13.1,12.7,12.4,12.2,12,11.8,11.6,11.4,11.2,11.1,10.9,10.7,10.4,10,9.6,9.2,8.9,8.8,8.7,8.7,8.7,8.8,8.9,
Latin America & Caribbean (excluding high income),,,,,,,,,,,,,,,,,,,,,,,,,,,,,,,57.28664246,54.88971942,52.39018835,49.89519432,47.38655699,44.9639325,42.61252463,40.40313605,38.89202475,36.33210985,34.47349808,32.75239198,31.15656057,29.6550062,28.25041209,26.96203196,25.78419521,24.70051957,23.70570897,22.76948406,25.40178447,21.12314211,20.37023374,19.6997326,19.09853244,18.48987711,18.28632045,17.47615435,16.96648969,16.45430059,16.02509809,
Lao PDR,,,,,,,,,,,,,,,,,,,218.1,211.9,206.2,200.5,195.1,189.8,184.5,179.4,174.4,169.4,164.3,159.1,153.9,148.8,143.7,138.6,133.7,129,124.4,119.9,115.6,111.4,107.2,103.1,98.9,94.8,90.8,86.8,82.9,79.1,75.4,71.7,68.3,65.1,61.9,59,56.3,53.8,51.5,49.4,47.5,45.7,44.1,
Lebanon,76.1,74,72,70.2,68.6,67.2,65.9,64.7,63.7,62.8,61.9,61.1,60.3,59.3,58.3,57.3,56.2,54.8,53.4,51.9,50.3,48.6,46.8,45,43.1,41.2,39.3,37.4,35.7,34,32.4,30.9,29.5,28.2,26.9,25.7,24.5,23.3,22.2,21,19.9,18.7,17.5,16.4,15.2,14.1,13,12.1,11.4,10.7,10.2,9.7,9.3,9,8.6,8.3,8,7.7,7.4,7.2,7,
Liberia,312.9,313,312.4,311.4,309.7,307.2,304.2,300.6,296.2,291.3,286.3,281.3,276.8,272.3,267.6,263,258.5,254.5,250.9,247.3,244.1,241.2,238.8,237.5,237.7,239.5,243.2,248.3,254.2,259.9,264.4,266.5,265.6,262,255.8,247.4,237.6,226.6,214.8,202.4,189.7,176.6,163.7,151.3,139.8,129.6,121,114,108.2,103.6,99.8,96.7,94.2,92,92.1,88.3,86.1,84.3,82.5,80.4,78.3,
Libya,276.6,258.6,242.1,226.2,211.1,196.7,183.2,170.3,158.2,146.8,136.1,126.3,117.4,109.1,101.8,95.3,89.3,84,79.2,75,71,67.4,64,60.8,57.8,54.9,52,49.3,46.7,44.2,41.9,39.7,37.8,36,34.5,33.1,31.9,30.8,29.8,28.9,28.1,27.3,26.5,25.5,24.4,23.1,21.7,20.2,18.8,17.6,16.6,19.4,15,14.4,13.8,13.3,12.8,12.3,11.9,11.5,11.1,
St. Lucia,164,156,146.9,137.3,127.4,117.4,107.7,98.4,89.7,81.5,74.1,67.4,61.3,56,51.2,47,43.3,40.1,37.3,34.9,32.8,30.9,29.4,28,26.8,25.7,24.7,23.9,23.1,22.4,21.8,21.3,20.7,20.3,19.9,19.5,19.2,18.9,18.7,18.5,18.4,18.3,18.2,18.3,18.3,18.4,18.6,18.8,19,19.3,19.7,20,20.4,20.9,21.4,21.9,22.4,23,23.5,24,24.4,
Latin America & Caribbean,,,,,,,,,,,,,,,,,,,,,,,,,,,,,,,54.8,52.4,50.1,47.7,45.4,43.1,40.9,38.8,37.4,36,33.2,31.6,30,28.6,27.3,26,24.9,23.9,22.9,22.1,24.7,20.5,19.9,19.3,18.7,18.3,18.3,17.5,17.1,16.6,16.2,
Least developed countries: UN classification,,,,,,,,,,,,,,,,,,,,,,,,,,,,,,,175.2731205,171.7949835,168.3525894,165.1264979,162.9876931,157.6094595,153.7220004,149.5859842,145.1644918,140.4800603,135.4934107,130.2092565,124.7986358,119.4523993,114.2164469,109.2324478,104.4702532,99.91922375,96.69395234,91.48490983,88.87322133,84.10788726,80.69517945,77.47061506,74.59981384,72.0240888,69.31512935,66.95231094,64.77646252,62.67344302,60.65462429,
Low income,,,,,,,,,,,,,,,,,,,,,,,,,,,,,,,185.3,182.2,179,176.1,175.3,168.6,164.6,160.3,155.6,150.6,145.2,139.6,133.8,128.1,122.5,117.2,112.2,107.4,102.8,98.5,94.6,90.8,87.7,84.5,81.6,78.7,75.7,72.8,70.5,68.2,66,
Liechtenstein,,,,,,,,,,,,,,,,,,,,,,,,,,,,,,,,,,,,,,,,,,,,,,,,,,,,,,,,,,,,,,
Sri Lanka,93.9,89.7,86.9,84.8,82.8,80.8,78.2,75.4,73.1,71.4,70.2,69.4,68.6,67.6,66.1,64,61.1,57.6,53.8,49.9,46.2,43,40,36.8,33.4,30.2,27.4,25.2,23.8,27,22.8,22.4,22,21.4,20.7,19.9,19.2,18.5,17.8,17.1,16.5,16,15.5,15.1,28.9,14.2,13.5,12.8,12.2,21.3,11.4,10.9,10.4,9.8,9.3,8.7,8.2,7.8,7.5,7.2,6.9,
Lower middle income,,,,,,,,,,,,,,,,,,,,,,,,,,,,,,,119.9,117.3,114.9,112.5,110.2,107.7,105.2,102.4,99.5,96.4,93.2,89.8,86.5,83.3,80.6,77.1,74.1,71.3,69,65.9,63.9,61,58.7,56.7,54.7,52.9,51.2,49.5,47.9,46.4,44.9,
Low & middle income,,,,,,,,,,,,,,,,,,,,,,,,,,,,,,,102.3872894,101.1704212,99.95200168,98.68152653,97.44858977,95.38398708,93.40133862,91.15344584,88.77006649,86.09109293,83.30882095,80.3641067,77.34634891,74.36748953,71.74292425,68.59842393,65.84927697,63.18435058,60.8265549,58.10026591,56.01983278,53.55770209,51.59052683,49.72860325,48.03500274,46.45108323,44.95844417,43.50336607,42.18137132,40.967067,39.79846006,
Lesotho,187.3,186.3,186.6,187.3,188.1,188.6,188.3,186.9,184.8,181.9,178.3,174.4,170.4,166,161.2,155.7,149.7,143.4,137.1,130.6,124,117.8,112,106.6,101.9,97.6,93.8,90.5,87.7,85.5,84,83.5,84,86.1,89.3,93.1,96.9,100,102.6,104.7,106.9,108.8,110.7,112.7,114.5,116.1,116.5,114.3,113,104.2,96.4,93.9,92.7,92.6,94.2,94.6,91.5,91,90.6,90.9,89.5,
Late-demographic dividend,,,,,,,,,,,,,,,,,,,,,,,,,,,,,,,50.25626653,49.35865812,48.15146108,46.76074054,45.18174732,43.46232263,41.65689162,39.72883349,37.77431522,35.69129577,33.53700668,31.29122157,29.09232751,26.89272744,25.03750656,23.01650793,21.33466962,19.87007182,18.57036552,17.47741463,16.36936726,15.40299855,14.49599339,13.68600268,12.94451908,12.20938904,11.66048734,10.99233667,10.44995711,9.96841842,9.506154443,
Lithuania,,,,,,,,26.1,26.4,25,22.7,21.2,21.1,21.7,22.2,22.5,22.5,22.3,21.9,21.2,20.4,19.7,19.2,18.8,18.2,17.5,16.4,15.1,14.2,14.3,15.2,16.5,17.8,18.1,17,15,13.3,12.3,11.6,11.1,10.7,10.3,9.9,9.5,9.3,9,8.6,8,7.3,6.7,6,5.5,5.2,5,4.9,4.9,4.8,4.4,4,3.6,3.3,
Luxembourg,37.7,35.7,33.8,32,30.4,28.8,27.4,26.1,24.8,23.6,22.4,21.1,19.9,18.8,17.7,16.7,15.8,15.1,14.4,13.8,13.3,12.9,12.5,12.1,11.6,11.2,10.8,10.3,9.9,9.4,8.8,8.3,7.8,7.3,6.8,6.3,5.9,5.5,5.1,4.8,4.5,4.2,4,3.8,3.5,3.4,3.2,3.1,3,2.9,2.8,2.8,2.8,2.8,2.8,2.8,2.8,2.8,2.8,2.8,2.8,
Latvia,,,,,,,,,,,,,,,,,,,,20.8,20.7,20.6,20.3,19.7,18.7,17.5,16.3,15.5,15.2,15.8,17,18.3,19.3,19.9,20,19.8,19,17.9,16.6,15.4,14.2,13.3,12.6,11.9,11.2,10.5,9.8,9.3,8.8,8.3,7.8,7.2,6.6,6,5.5,5,4.7,4.4,4.2,4.1,4,
"Macao SAR, China",,,,,,,,,,,,,,,,,,,,,,,,,,,,,,,,,,,,,,,,,,,,,,,,,,,,,,,,,,,,,,
St. Martin (French part),,,,,,,,,,,,,,,,,,,,,,,,,,,,,,,,,,,,,,,,,,,,,,,,,,,,,,,,,,,,,,
Morocco,241.8,237,232.2,227.2,222,216.6,210.8,205.2,199.7,194.6,190,185.8,181.8,177.7,173.1,167.8,161.9,155.3,148.4,141.4,134.4,127.6,121,114.7,108.6,102.9,97.6,92.8,88.3,84.3,80.6,77.2,73.9,70.8,67.8,64.8,62,59.4,56.9,54.5,52.3,50.1,48,45.9,43.7,41.5,39.3,37.1,35,33,31.2,29.5,27.8,26.3,24.9,23.5,22.3,21.2,20.3,19.5,18.7,
Monaco,,,,,,,,,,,,,,,,,,,,,,,,,,9.7,9.3,8.9,8.5,8.1,7.7,7.4,7.1,6.8,6.5,6.2,6,5.8,5.5,5.3,5.2,5,4.8,4.7,4.6,4.5,4.4,4.3,4.2,4.1,4,3.9,3.8,3.7,3.6,3.5,3.4,3.3,3.2,3.1,3,
Moldova,,,,,,,,,,,,64.8,62.9,61.1,59.3,57.6,56,54.4,52.8,51.4,50.1,48.6,46.8,44.7,42.6,40.5,38.4,36.6,35,34,33.6,33.9,34.8,36.3,37.7,38.6,38.9,38.2,36.7,34.4,31.5,28.6,25.8,23.3,21.5,20.1,19,18.3,17.8,17.4,17.1,16.8,16.5,16.3,16,15.8,15.5,15.3,15,14.8,14.5,
Madagascar,,,,,,,,,146.4,148.1,149.9,151.8,153.9,156.3,158.9,161.4,163.8,165.9,167.9,170.1,172.2,174.5,176.6,178,178.3,177.4,175,171.4,166.9,161.6,156.1,150.7,145.7,140.8,136,131,125.9,120.7,115.5,110.3,105.4,100.8,96.5,92.4,88.5,84.8,81.3,77.9,74.8,72,69.3,67,64.8,62.7,60.8,59,57.2,55.5,53.7,51.9,50.2,
Maldives,,,332.8,323.5,314,305,295.9,286.6,277.2,267.9,257.9,247.2,236,224.2,212.2,200.3,189.1,178.6,168.5,158.9,149.9,141.6,133.9,126.7,119.9,113.5,107.3,101.4,95.9,90.7,85.7,80.9,76.2,71.6,67,62.2,57.5,52.8,48.1,43.5,39,34.6,30.7,27.1,26.9,21.5,19.3,17.6,16.1,14.9,13.9,12.9,12.1,11.3,10.5,9.8,9,8.3,7.6,7,6.5,
Middle East & North Africa,,,,,,,,,,,,,,,,,,,,,,,,,,,,,,,65.5,62.8,60.3,58,55.7,53.4,51.2,49,46.9,44.9,42.9,40.9,39.1,37.3,35.5,33.9,32.3,30.9,29.5,28.3,27.3,26.6,26.7,26.4,25.7,24.9,24.2,22.9,22.5,21.9,21.3,
Mexico,155.5,149,143.1,137.6,132.6,127.8,123.2,119,114.8,110.7,106.7,102.8,99.1,95.4,91.8,88.3,84.9,81.5,78.2,74.9,71.7,68.5,65.5,62.6,59.8,57.2,54.6,52.2,49.9,47.6,45.4,43.4,41.4,39.5,37.6,35.9,34.2,32.7,31.2,29.7,28.4,27.1,26,24.9,23.9,22.9,22.1,21.3,20.6,19.9,19.2,18.5,17.9,17.3,16.8,16.2,15.7,15.2,14.6,14.1,13.7,
Marshall Islands,121.1,115.4,110.2,105.3,100.7,96.5,92.7,89,85.5,82.2,78.9,76,73.4,71.3,69.8,68.7,67.9,67.1,66.3,65.3,64.3,63.1,61.6,60,58.3,56.5,54.8,52.9,51.1,49.2,47.3,45.6,44,42.7,41.7,41.2,41.1,41.2,41.5,41.8,42,42.1,41.9,41.7,41.3,41,40.6,40.2,39.8,39.4,39,38.6,37.9,37.2,36.3,35.4,34.4,33.5,32.5,31.6,30.7,
Middle income,,,,,,,,,,,,,,,,,,,,,,,,,,,,,,,92.54040413,91.18626739,89.82165674,88.3722836,86.75513771,84.94910002,82.95109799,80.73705146,78.45545526,75.91330354,73.32434771,70.62620208,67.88895158,65.21431491,62.95529686,60.05704488,57.59020261,55.20377944,53.14563172,50.60705589,48.77691447,46.46118323,44.63243067,42.93920733,41.40310577,39.99051301,38.70215193,37.44367637,36.23814706,35.15271954,34.09916933,
North Macedonia,,,,,,,,,,,,,,,,,,,,,,57.8,55.3,52.5,50.6,50,49.1,46.9,43.6,40,36.9,34.5,33,31.4,28.5,24.5,21.1,19.2,18.4,17.4,16,14.8,14.3,14.4,14.3,13.7,13,12.3,11.7,11,10.4,10,10.1,10.6,11.2,11.4,10.9,9.6,8.1,6.8,5.9,
Mali,,,,425,417.6,410.2,403.6,397.1,390.9,384.7,379,372.8,366.2,359.4,352,343.9,335.4,326.7,318.2,309.8,301.5,293.2,285,276.8,268.8,261.2,254.1,247.4,241.3,235.7,230.7,226.2,222.3,218.8,215.3,211.8,208.1,203.8,199,193.4,187.4,181.1,174.7,168.3,162.2,156.4,150.8,145.4,140.2,135.1,130.3,125.6,121,116.6,112.4,108.3,104.5,100.9,97.4,94.2,91,
Malta,40.3,38.2,36.7,35.7,34.8,33.8,32.8,31.7,30.5,29.2,27.9,26.5,25.2,23.9,22.6,21.4,20.3,19.3,18.4,17.6,16.9,16.3,15.7,15.1,14.5,13.9,13.3,12.7,12.2,11.7,11.3,10.9,10.5,10.2,9.8,9.5,9.1,8.7,8.4,8.1,7.8,7.5,7.3,7.2,7.1,7,6.9,6.8,6.8,6.7,6.7,6.6,6.6,6.6,6.6,6.6,6.6,6.6,6.5,6.5,6.5,
Myanmar,,,,,,,,,181.8,178.2,175,171.7,168.2,164.7,161.3,157.8,154.2,150.8,147.4,144.2,141.2,138.3,135.6,132.8,130.4,127.9,125.5,123.1,120.6,118.1,115.6,112.9,110.2,107.5,104.8,102.1,99.5,96.9,94.4,92,89.6,87.1,84.7,82.3,79.7,77.2,74.5,71.8,98.4,66.3,63.7,61,58.6,56.2,54.1,52.2,50.3,48.5,46.8,45.2,43.7,
Middle East & North Africa (excluding high income),,,,,,,,,,,,,,,,,,,,,,,,,,,,,,,68.88126624,66.23803172,63.79570617,61.44959252,59.1222898,56.81760391,54.58924942,52.37001393,50.19765287,48.06713239,46.00006747,43.94049278,41.96511133,40.06351011,38.201573,36.44289376,34.78565952,33.21475408,31.77575486,30.47367815,29.40666035,28.61835253,28.77428587,28.40263345,27.72794908,26.884952,26.09632454,24.7156389,24.29228152,23.69692941,23.04434463,
Montenegro,,,,,,,,,,,,,,,,,,,,,,,,,27.3,24.8,22.5,20.5,18.8,17.5,16.5,15.8,15.4,15.2,15.1,15.1,15.1,15,14.9,14.6,14.2,13.6,12.9,12.2,11.4,10.5,9.7,8.9,8.1,7.4,6.7,6.1,5.5,4.9,4.4,4,3.6,3.2,2.9,2.6,2.4,
Mongolia,,,,,,,,,,,,,,,,,,,175,168.9,163,157.2,151.4,146,140.5,134.9,129.1,123.3,117.7,112.4,107.4,102.9,98.7,94.7,90.8,86.8,82.6,78.1,73.4,68.4,63.5,58.5,53.7,49.1,44.9,40.9,37.4,34.1,31.2,28.6,26.3,24.4,22.8,21.5,20.4,19.4,18.5,17.6,16.8,16,15.4,
Northern Mariana Islands,,,,,,,,,,,,,,,,,,,,,,,,,,,,,,,,,,,,,,,,,,,,,,,,,,,,,,,,,,,,,,
Mozambique,,,,266.1,267.8,269.3,270.6,272,272.9,273.3,273.3,273.1,272.4,271.7,270.9,269.9,269,268.5,268.1,268,268.1,268.1,267.3,265.6,263.3,260.5,257.3,254.2,251.1,248,244.9,241.6,237.8,233,227.1,219.8,211.2,201.5,191,180.5,170.4,161,152.6,145,138.2,132,126.2,118.8,112.9,107.3,104.9,100.5,96.3,92.3,88.4,84,80.4,78,75.6,72.9,70.6,
Mauritania,252.8,246.3,239.9,233.6,227.1,220.7,214.5,208.1,202.1,197.3,194,192,191,190.4,189.4,187.3,184.2,180,175.2,170.3,165.4,160.7,155.9,150.7,145.2,139.3,133.6,128.4,123.9,120.2,117.6,115.8,114.5,113.8,113.3,113.3,113.3,113.3,113.2,112.9,112.5,112.1,111.5,110.8,109.7,108.1,106.1,103.7,101.1,98.4,95.6,93,90.5,87.7,85.1,82.7,80.1,77.7,75.5,73,70.7,
Mauritius,104.3,98.7,92.5,87.1,84,84.8,90.9,98,97.5,87.5,78.4,77.7,81.9,81.9,73.6,63.2,55.3,50.2,46.7,43.9,41,37.4,33.8,31.1,29.5,28.8,28.7,28.5,27.3,25.2,23,21.6,21.1,21.2,21.7,22.3,22.7,22.6,21.8,20.4,18.8,17.5,16.6,16,15.8,15.6,15.5,15.2,14.9,14.6,14.5,14.6,14.9,15,14.8,14.5,14.5,14.9,15.4,16,16.5,
Malawi,,362.1,359.5,357.7,356.2,355.1,354,352.4,350.8,348.9,345.4,340.2,333.3,325.1,316.4,307.3,298,288.2,277.8,266.9,258.2,250.7,246.3,246.2,249.5,254,257.2,257.9,256,251.6,245.7,238.1,230.3,222.8,215.8,209.5,204.6,199.7,193.6,185.5,174.6,160.5,145.5,131.6,119.7,110.5,104.2,99.9,94.5,89.4,84.2,77.6,70.7,63.4,57.6,53.3,49.5,46.2,43.1,40.6,38.6,
Malaysia,93.9,87.7,82,76.9,72.3,68.5,65.2,62.4,59.9,57.6,55.4,53,50.5,47.7,44.9,42.2,39.5,37.1,34.7,32.4,30.3,28.3,26.4,24.7,23.1,21.7,20.4,19.3,18.3,17.4,16.6,15.8,15.1,14.4,13.8,13.4,12.9,12.4,11.7,11,10.2,9.4,8.9,8.5,8.3,8.2,8.1,8.1,8.1,8.1,8.1,8,8,8,8,8.1,8.1,8.3,8.4,8.6,8.6,
North America,,,,,,,,,,,,,,,,,,,,,,,,,,,,,,,11,10.6,10.2,9.9,9.6,9.2,9,8.8,8.6,8.4,8.3,8.2,8.1,8,7.9,7.8,7.7,7.6,7.5,7.3,7.2,7.1,7,6.8,6.8,6.7,6.6,6.5,6.4,6.3,6.2,
Namibia,,,,,,,,95.7,96,96.4,96.6,97,97.5,98.1,98.9,99.8,100.8,101.8,102.4,102.5,101.9,100.3,98.1,95,91.5,87.7,84,80.5,77.6,75,72.7,71,69.8,69.4,69.9,71.2,72.8,74.3,75.4,76,75.8,75.3,74.7,74.4,74.4,70.6,65.4,60.8,55.1,51.6,49.1,48.9,50.5,49.1,47.9,47.6,46.3,44.9,43.9,41.9,40.2,
New Caledonia,,,,,,,,,,,,,,,,,,,,,,,,,,,,,,,,,,,,,,,,,,,,,,,,,,,,,,,,,,,,,,
Niger,,,,,,,,316.9,321,325,329.7,333.9,337.4,340,341,339.9,337.3,333.2,328.6,324.2,321.8,321.3,323,326.8,331.3,335.6,338.4,339.2,337.8,334.5,329.6,323,314.4,304,292,278.9,266,254.2,243.9,234.2,224.9,215.2,204.5,193.1,181.5,170.2,159.3,149,139.3,130.3,121.9,114.5,108.2,102.7,98,93.8,90.1,86.6,83.5,80.3,77.5,
Nigeria,,,,,325.2,318.1,312,305.5,298.9,291.8,284.4,276.6,268.7,260.3,252,243.8,236,228.9,222.6,217.3,213,209.9,208,207.2,207.3,207.9,208.8,209.6,210.2,210.3,210,209.5,208.7,207.7,206.3,204.2,201.5,197.8,193.3,188.2,182.9,177.3,171.5,165.9,160.3,155,150.1,145.6,141.7,138.3,135.5,133.1,131.1,129.4,127.9,126.4,124.7,122.5,119.9,116.9,113.8,
Nicaragua,197.5,195.5,193.5,191.6,189.5,187.3,184.6,181.8,178.6,175.3,171.5,167.4,186.3,157.3,151.3,144.7,137.5,130.1,122.7,115.4,108.5,102,96.1,90.9,86.3,82.3,78.8,75.7,72.7,69.7,66.7,63.6,60.5,57.4,54.3,51.4,48.5,45.7,50.2,40.8,38.5,36.5,34.6,32.9,31.3,29.9,28.5,27.3,26.1,24.9,23.9,22.9,22,21.1,20.2,19.4,18.6,17.9,17.3,16.6,16,
Netherlands,20.8,20.3,19.7,19.2,18.8,18.3,17.9,17.4,16.9,16.4,15.8,15.3,14.7,14.1,13.6,13.1,12.6,12.1,11.6,11.2,10.9,10.6,10.4,10.2,9.9,9.7,9.5,9.2,8.9,8.6,8.3,8,7.7,7.4,7.1,6.9,6.7,6.5,6.4,6.3,6.2,6.1,5.9,5.7,5.5,5.3,5.1,4.9,4.7,4.6,4.4,4.3,4.2,4.1,4.1,4,4,4,4.1,4.1,4.2,
Norway,22.6,22.1,21.5,21,20.4,19.7,19,18.2,17.6,16.9,16.2,15.6,15,14.3,13.6,12.9,12.2,11.5,10.9,10.4,10.1,9.9,9.9,10,10.1,10.2,10.2,10.1,9.8,9.3,8.7,7.9,7.2,6.6,6.1,5.7,5.4,5.2,5.1,5,4.9,4.7,4.6,4.4,4.2,4.1,3.9,3.7,3.6,3.4,3.3,3.1,3,2.9,2.8,2.7,2.6,2.5,2.4,2.3,2.2,
Nepal,325.1,321.2,316.7,311.2,305.1,298.5,291.8,285.1,278.4,272,266,260.2,254.7,249.3,243.9,238.3,232.8,227,220.9,214.4,207.9,201.4,194.8,188.2,181.5,174.7,167.8,160.6,153.4,146.1,138.8,131.8,124.9,118.2,111.9,105.8,100,94.5,89.1,84,79.1,74.6,70.4,66.4,62.7,59.4,56.3,53.4,50.8,48.3,45.9,43.6,41.5,39.4,37.4,35.5,33.7,32.1,30.6,29.3,28.2,
Nauru,,,,,,,,,,,,,,,,,,,,,,,,,,85.7,81.8,77.9,74.1,70.6,67.2,63.9,60.7,57.7,55,52.4,50,47.8,45.9,44.1,42.6,41.3,40.2,39.4,38.8,38.5,38.4,38.4,38.3,38,37.5,36.9,36,35.1,34.1,33.2,32.3,31.3,30.4,29.5,28.5,
New Zealand,27.9,26.8,25.8,24.8,23.9,23.1,22.5,22,21.6,21.2,20.8,20.3,19.8,19.4,18.8,18.3,17.7,17.1,16.6,16.1,15.6,15.2,14.8,14.5,14.1,13.8,13.4,12.9,12.4,11.8,11.2,10.6,10,9.5,9.1,8.7,8.4,8.1,7.8,7.6,7.4,7.2,7,6.9,6.7,6.6,6.5,6.4,6.3,6.2,6.1,6,5.9,5.8,5.7,5.5,5.4,5.2,5,4.9,4.7,
OECD members,,,,,,,,,,,,,,,,,,,,,,,,,,,,,,,22.04175084,21.03721975,20.03794788,19.07684138,18.16994544,17.32017455,16.49402444,15.72296608,15.03408372,14.34755947,13.69620882,13.0909905,12.50734076,11.96180904,11.46884196,10.96798534,10.51808646,10.07806394,9.702716066,9.360784949,9.006054235,8.718859639,8.438020387,8.189277441,7.96328899,7.748578666,7.534091803,7.345864481,7.126517059,6.927123833,6.757258937,
Oman,369.6,353.6,337.9,323.2,309,295.1,281.6,268.2,255,242,229.1,216.4,204.3,192.2,180.2,168.1,156.3,144.6,132.9,121.8,110.9,100.5,90.7,81.5,73.1,65.6,58.9,53,47.9,43.3,39.2,35.5,32.1,29.2,26.5,24.2,22.3,20.5,19,17.6,16.5,15.4,14.5,13.8,13.2,12.8,12.5,12.2,12,11.8,11.7,11.6,11.4,11.3,11.2,11.2,11.2,11.2,11.1,11.1,11,
Other small states,,,,,,,,,,,,,,,,,,,,,,,,,,,,,,,96.02860027,94.58907809,93.56032923,92.96297419,92.65251945,92.57016481,92.42863598,92.0958503,91.51054874,90.63093604,89.55534391,88.07702663,86.35551213,84.55659013,82.57463298,79.8593535,76.41391849,73.24488698,70.44577798,66.92690811,63.39472432,60.96800014,59.0580482,57.22755803,55.93832711,54.30972037,52.50539399,51.14186903,49.64138315,48.23527928,46.84761639,
Pakistan,252,243,234.5,226.5,219.3,212.7,207,202.1,197.8,193.9,190.4,187.1,184,181.2,178.5,176,173.7,171.5,169.4,167.2,165.1,162.9,160.6,158.2,155.7,153.1,150.5,147.8,145.1,142.5,139.7,136.9,134.1,131,127.8,124.5,121.1,117.6,114.2,110.9,107.8,105,102.4,100.2,98.1,96.3,94.5,92.7,90.9,89.1,87.1,85,82.8,80.6,78.3,76,73.8,71.6,69.5,67.3,65.2,
Panama,91.7,88.9,86.1,83.4,80.9,78.5,76,73.7,71.3,68.7,66,63.1,60.2,57.4,54.7,52.3,50.3,48.4,46.8,45.3,43.9,42.4,40.9,39.5,38.1,36.7,35.4,34.3,33.2,32.2,31.3,30.5,29.9,29.3,28.8,28.3,27.9,27.5,27.1,26.6,26,25.4,24.8,24.1,23.5,22.9,22.3,21.7,21.1,20.5,19.9,19.3,18.7,18.1,17.6,17,16.4,15.9,15.4,14.8,14.3,
Peru,228.5,222.1,215.2,208.3,201.3,194.4,187.7,181.5,175.7,170.5,194.8,160.6,155.9,151.3,146.7,142.4,138.5,135.1,132.1,129.3,126.4,123.2,119.5,115.2,110.4,105.1,99.6,94.3,89.2,84.6,80.2,75.9,71.4,66.9,62.4,57.8,53.4,49.1,45.2,41.5,38.2,35.3,32.7,30.4,28.3,26.5,24.9,23.4,22,20.8,19.8,18.8,17.9,17.1,16.4,15.7,15,14.4,13.8,13.3,12.8,
Philippines,102.7,99.6,97,94.7,92.7,90.8,89,87.3,85.8,84.5,83.6,82.9,82.6,82.4,82.4,82.4,82.2,81.9,81.4,80.6,79.7,78.7,77.6,76.3,74.8,72.8,70.3,67.2,63.8,60.2,56.6,53.3,50.4,47.8,45.6,43.7,42,40.6,39.4,38.5,37.7,36.9,36.2,35.5,34.9,34.2,33.6,33,32.5,32.1,31.7,31.3,30.9,30.5,30.1,29.6,29.1,28.5,27.9,27.1,26.4,
Palau,,,,,,98.3,94.9,91.5,88.3,84.8,81.1,77,72.9,68.8,64.5,60.5,56.9,53.6,50.6,48.1,45.9,43.9,42.3,40.9,39.7,38.7,37.8,37.1,36.4,35.9,35.3,34.8,34.1,33.5,32.7,31.9,31.2,30.4,29.7,29.1,28.5,27.9,27.4,27,26.5,26,25.5,25,24.4,23.7,23.1,22.5,21.8,21.2,20.4,19.8,19.2,18.6,18,17.4,16.9,
Papua New Guinea,197.7,191.6,185.6,179.9,174.2,168.7,163.2,157.9,152.7,147.8,143,138.4,133.9,129.7,125.7,121.8,118.1,114.7,111.5,108.5,105.7,103,100.4,98.1,95.9,93.9,92,90.1,88.4,86.6,84.9,83.3,81.6,80.1,78.7,77.3,76,74.7,73.5,72.3,71.1,69.9,68.8,67.5,66.2,64.9,63.5,62.1,60.8,59.3,57.9,56.5,55.2,53.8,52.4,51,49.7,48.2,46.8,45.3,43.9,
Poland,65.1,60.1,56.1,52.5,49,45.7,42.8,40.4,38.7,37.5,36.3,34.5,32.4,30.4,29,27.9,27,26.2,25.5,24.7,23.9,23.3,22.7,22,21.2,20.3,19.6,18.9,18.3,17.8,17.4,16.9,16.4,15.9,15.3,14.5,13.3,12,10.8,10,9.3,8.8,8.4,8.1,7.8,7.6,7.3,7,6.7,6.3,6,5.7,5.4,5.2,5,4.9,4.7,4.6,4.5,4.4,4.4,
Pre-demographic dividend,,,,,,,,,,,,,,,,,,,,,,,,,,,,,,,184.5765135,182.6579791,180.6578294,178.8300044,176.1986334,173.4972857,170.4533465,166.9141369,162.8567626,158.3202648,153.3959122,148.0557116,142.4856347,136.9474754,131.4672855,126.202278,121.226072,116.4694327,111.9986198,107.7978408,104.0514303,100.5544174,97.29460674,94.23916258,91.51263981,89.00084342,86.40097203,83.97192473,81.51249413,79.08113062,76.65720905,
Puerto Rico,,,,,,,,,,,,,,,,,,,,,,,,,,,,,,,,,,,,,,,,,,,,,,,,,,,,,,,,,,,,,,
"Korea, Dem. People's Rep.",,,,,,,,,,,,,,,,,,,,,,,,,,35.1,34.7,35.2,36.8,39.5,43.4,48.6,54.8,61.3,67.7,72.8,75.7,75.7,72.9,67.4,60,52.1,44.7,38.9,35,33,32.4,32.2,31.8,31,29.5,27.7,25.7,24,22.4,21.1,20,19,18.2,17.3,16.5,
Portugal,114.6,110.6,104.7,97.6,90.8,85,80.5,77.6,75.3,72.3,68.2,63.2,57.9,52.7,47.8,43.5,39.5,35.7,32.3,29.6,27.5,25.8,24.3,22.8,21.5,20.4,19.3,18.2,17,15.9,14.7,13.6,12.5,11.4,10.5,9.7,9.1,8.6,8.2,7.7,7.2,6.6,6.1,5.5,5,4.6,4.4,4.2,4,3.9,3.8,3.7,3.7,3.7,3.6,3.6,3.6,3.6,3.6,3.4,3.3,
Paraguay,82.3,81.5,81,80.5,80.1,79.7,79.4,79.1,78.7,78.2,77.7,77.1,76.2,75.3,74.2,73,71.6,70.1,68.5,66.8,65,63,60.9,58.9,56.8,54.8,52.8,50.9,49.1,47.2,45.5,43.9,42.3,40.9,39.6,38.4,37.3,36.4,35.5,34.7,33.9,33.1,32.3,31.6,30.8,30,29.3,28.5,27.7,26.9,26.2,25.4,24.6,23.8,23,22.3,21.6,20.9,20.2,19.5,18.9,
West Bank and Gaza,,,,,,,,,,,,,,,,107.7,101.4,95.4,89.7,84.5,79.5,74.8,70.4,66.4,62.6,59.1,55.8,52.7,49.9,47.3,45,42.9,41.1,39.4,37.8,36.3,35,33.7,32.5,31.4,30.4,29.4,28.5,27.6,26.8,25.9,25.1,24.3,23.5,22.7,22.1,21.4,20.8,20.3,19.7,19.2,18.6,18.1,17.5,17,16.5,
Pacific island small states,,,,,,,,,,,,,,,,,,,,,,,,,,,,,,,35.79426562,34.63954458,33.59204124,32.5918826,31.67885839,30.88546766,30.13654076,29.52755994,28.97086243,28.44029709,27.98480839,27.6593854,27.4502312,27.30494481,27.30444005,27.34252367,27.39070678,27.41678585,27.32307086,27.68122639,26.83564433,26.54490454,26.22637016,25.94123313,25.5908641,25.31530599,25.02217244,24.75681807,24.48886965,24.19148967,23.85777953,
Post-demographic dividend,,,,,,,,,,,,,,,,,,,,,,,,,,,,,,,10.75597923,10.37293163,10.03669318,9.605234665,9.180284286,8.748678122,8.387913444,8.044065616,7.805508214,7.546484746,7.301705269,7.106413796,6.921212046,6.75379951,6.633592888,6.466056635,6.316203418,6.137952207,5.99639878,5.855223095,5.675158267,5.560355749,5.415924373,5.306816841,5.201838685,5.122751302,5.043918029,4.97596474,4.896308813,4.818462326,4.751459699,
French Polynesia,,,,,,,,,,,,,,,,,,,,,,,,,,,,,,,,,,,,,,,,,,,,,,,,,,,,,,,,,,,,,,
Qatar,,,,,,,,,,70.8,66.2,61.8,57.7,54,50.6,47.6,44.8,42.4,40.1,38.2,36.3,34.6,33,31.5,29.9,28.4,26.8,25.3,23.8,22.3,20.8,19.5,18.2,17.1,16.1,15.3,14.6,14,13.5,13,12.5,12,11.6,11.2,10.8,10.4,10.1,9.8,9.6,9.4,9.1,8.9,8.7,8.4,8.1,7.8,7.4,7,6.6,6.1,5.8,
Romania,86.4,80,70.2,60.6,55,54.5,57.3,61.9,65.2,63.6,56.7,49.7,46.3,45.4,44.5,42.6,40.4,38.7,37.6,36.7,35.8,34.5,32.8,31.2,30.8,31.7,33.2,34.3,34.5,33.4,31.3,29.4,28.3,28,27.8,27.3,26.6,25.6,24.4,23,21.6,20.5,20.1,20,19.4,18.1,16.6,15.2,14,13.1,12.4,11.8,11.2,10.6,9.9,9.2,8.5,7.9,7.4,7.1,6.9,
Russian Federation,,,,,,,,,,,37.8,36.3,34.8,33.4,32.1,31,30.1,29.4,28.7,28.1,27.6,27.1,26.6,26.1,25.6,24.9,24.2,23.4,22.6,22,21.6,21.5,21.6,21.8,21.9,21.8,21.5,21.2,20.7,20.1,19.3,18.3,17.2,16.1,14.9,13.8,12.8,11.9,11.2,10.7,10.4,10.1,9.8,9.4,8.9,8.2,7.5,6.9,6.3,5.8,5.4,
Rwanda,221,216.2,212.9,210.5,209.6,209.5,210.4,212.3,215.2,218.5,221.9,224.9,228.7,234.1,240.5,246.5,250.7,250.6,245,233.8,218.7,202,186.6,174.9,166.5,160,154.7,150.3,147.1,146.4,150.3,159.5,173.5,190.4,341.2,219.9,224.5,221.7,213.2,200.8,185.2,167.4,149.6,133.5,118.6,105.4,93.9,84.4,76.3,69.6,63.8,58.6,54.9,52,49.7,47.7,46,44.6,43.4,41.9,40.5,
South Asia,,,,,,,,,,,,,,,,,,,,,,,,,,,,,,,129.9,126.2,122.5,118.9,115.4,111.8,108.1,104.4,100.7,96.9,93.3,89.7,86.2,82.9,79.9,76.6,73.6,70.6,67.7,64.8,61.9,59.1,56.4,53.8,51.3,48.8,46.5,44.3,42.2,40.3,38.5,
Saudi Arabia,,,,,,,,,,,,,159.7,149.5,139.8,131,122.3,114.4,106.8,99.7,93.1,86.8,80.9,75.3,70,65,60.4,56,51.8,47.9,44.3,41,37.9,35.2,32.8,30.5,28.4,26.6,24.9,23.4,22,20.7,19.6,18.5,17.4,16.5,15.5,14.7,13.8,13,12.3,11.5,10.8,10.2,9.6,9.1,8.6,8.1,7.7,7.3,7,
Sudan,176.7,174,171.2,168.7,166.4,164.2,162.3,160.6,159.1,158,156.9,156,155.1,154.2,153.3,152.4,151.3,150.2,149,147.9,146.7,145.7,144.6,187.8,185.4,182.9,139.4,137.7,135.8,133.8,131.7,129.4,127.1,124.7,122.2,119.6,116.9,114,110.9,107.7,104.3,100.9,97.4,94.2,91,88.1,85.3,82.7,80.2,77.9,75.7,73.7,71.7,69.8,67.9,65.9,63.9,62,60.1,58.4,56.6,
Senegal,296.3,296.2,296.5,297.3,298,298.2,297.8,296.8,295.1,292.7,289,284,277.8,270.7,262.5,253.1,242.8,232.2,222,212.7,204.7,198.1,192,186,179.4,171.8,163.3,155,147.8,142.1,138.3,136.4,135.9,136.4,137.4,138.4,139,138.8,137.5,134.5,129.5,122.9,115.1,107,99.1,91.8,85.2,79.4,74.3,69.8,65.7,62.1,58.7,55.4,52.3,49.4,46.5,44,41.7,39.7,38.1,
Singapore,47.7,43.6,40.4,38,36.3,35.1,33.6,31.8,30,28.4,27.1,25.7,24.1,22.1,19.6,17.2,15.7,15.2,15.2,15.1,14.8,14.1,13.2,12.2,11.5,10.8,10.3,9.8,9.2,8.4,7.7,6.9,6.3,5.7,5.3,5,4.8,4.6,4.4,4.2,3.9,3.6,3.4,3.2,3,2.9,2.9,2.9,2.8,2.8,2.8,2.8,2.8,2.8,2.7,2.7,2.7,2.6,2.5,2.4,2.2,
Solomon Islands,170.7,163,155.6,148.1,141.2,134.3,127.4,120.3,113.2,105.9,98.8,92,85.7,79.8,74.5,77.6,65.1,61.1,57.7,54.8,52.3,50.1,48.1,46.4,44.9,43.5,42.2,41.1,40.1,39.1,38.1,37.1,36.2,35.2,34.3,33.5,32.8,32.2,31.7,31.2,30.7,30.4,30.1,29.8,29.6,29.3,28.9,28.4,27.8,27.1,26.4,25.6,24.9,24.2,23.4,22.7,22,21.4,20.7,20,19.4,
Sierra Leone,390,384.2,378.5,372.6,366.7,361.1,355,349.2,343.5,338.1,332.7,327.5,322.5,317.6,312.6,308,303.4,298.9,294.8,290.9,287.2,283.7,280.4,277.1,274.2,271.4,268.6,266.1,263.8,261.5,259.6,257.7,255.6,253.3,250.6,247.5,243.8,239.6,235,230,224.9,219.4,213.9,208.1,202,195.5,188.9,182,174.9,167.7,160.6,153.8,147.3,141.2,139.2,140.2,125.4,120.7,116.2,111.9,107.8,
El Salvador,184.9,181.2,177.4,173.8,170.2,166.7,163.3,159.9,156.7,153.3,150,146.7,143,139.3,135.3,131,126.3,121.4,116.3,111.1,125.2,100.4,95.1,89.9,84.8,79.9,75.3,71,67.1,63.5,60,56.8,53.7,50.7,47.8,45,42.3,39.7,37.3,35.2,33.2,31.3,29.6,28.1,26.6,25.1,23.8,22.6,21.4,20.4,19.4,18.5,17.6,16.8,16.1,15.5,14.9,14.3,13.8,13.3,12.9,
San Marino,,,,,,,,,,,,,,,,,,,,,,,,,,22.6,20.5,18.6,16.9,15.3,13.9,12.6,11.5,10.5,9.5,8.7,8,7.3,6.7,6.1,5.6,5.2,4.8,4.5,4.2,3.9,3.6,3.4,3.2,3,2.9,2.7,2.6,2.4,2.3,2.2,2.1,2,1.9,1.8,1.8,
Somalia,,,,,,,,,,,,,,,,,,,,,,,198.8,195.7,193,191.2,189.5,187.6,186,183.4,180.1,176.5,174,172.9,172.7,172.7,172.7,172.7,172.7,172.7,172.7,172.7,172.7,172.7,172.7,172.6,172,170.1,166.5,161.9,157.4,152.8,147.8,143,138.4,134.3,130.3,126.1,122,118.3,114.6,
Serbia,,,,,,,,,,,,,,,,,,,,,,,,,40.6,39.1,37.6,36,34,31.4,28.3,25.6,24.1,23.2,21.8,19.7,17.4,15.5,14,13.1,12.6,12.2,11.5,10.5,9.7,8.9,8.4,8.1,8,7.8,7.6,7.4,7.1,6.9,6.6,6.3,6,5.9,5.8,5.7,5.6,
Sub-Saharan Africa (excluding high income),,,,,,,,,,,,,,,,,,,,,,,,,,,,,,,179.0314815,177.4512294,175.8735402,174.4438759,173.8646575,169.9660938,167.2160713,163.8896215,160.0138746,155.6336054,150.8200264,145.554092,140.032689,134.5373698,129.1553335,123.9437492,119.0198132,114.1738817,109.52596,105.049574,100.9812397,97.25111284,93.79377066,90.65109562,87.87541283,85.34516603,82.72528415,80.32430519,77.92144437,75.58059527,73.27971405,
South Sudan,352.4,349.4,346.7,343.6,340.4,337.3,334.2,331.3,328.2,324.7,321.7,318,314.8,311.2,308.3,305.1,301.6,298.1,295,291.6,288.3,285.3,282.3,279.1,275.9,272.2,268,263.9,259.6,255.1,250.5,245.8,240.2,234.2,227.8,220.9,213.9,206.4,198.2,189.8,181.2,172.1,163.4,155.1,147.3,139.7,132.7,126.1,119.9,114,108.4,103.5,100,98.3,97.9,97.9,97.9,97.9,97.9,97.9,97.9,
Sub-Saharan Africa,,,,,,,,,,,,,,,,,,,,,,,,,,,,,,,179.3,177.7,176.1,174.6,174.2,170.1,167.4,164,160.1,155.7,150.9,145.6,140.1,134.6,129.2,124,119.1,114.2,109.6,105.1,101,97.3,93.8,90.7,87.9,85.4,82.8,80.4,78,75.6,73.3,
Small states,,,,,,,,,,,,,,,,,,,,,,,,,,,,,,,80.09670464,78.93227525,78.05427953,77.48617096,77.12734409,76.95346031,76.75532921,76.44762723,75.98521496,75.32937357,74.55079974,73.49037864,72.26212312,70.97390214,69.5326256,67.51552814,64.91017617,62.49139368,60.35032452,57.65156783,54.83536275,52.91375109,51.39080463,49.9195839,48.8631259,47.53421705,46.06486597,44.93765593,43.69498992,42.57930843,41.35720183,
Sao Tome and Principe,,,,,,95.4,92.3,89.6,87.7,86.2,85.6,85.6,86,86.6,87.3,87.8,88.3,88.8,89.3,89.9,90.7,91.9,93.5,95.4,97.6,100,114.4,104.1,105.7,107.1,108.2,108.9,109.1,108.5,106.9,104.5,101.2,97.1,92.5,87.4,82,76.5,71,65.6,60.4,55.5,50.9,46.7,42.9,39.3,36.1,33,30.2,27.7,25.3,23.1,21.2,19.5,18.1,17,16.1,
Suriname,,,,,,,,,,,,,,,,,,,,,,,,57.1,55.1,53.4,51.6,49.9,48.3,46.7,45.1,43.6,42,40.5,39,37.6,36.2,34.9,33.6,32.4,31.2,30.1,29.1,28.2,27.3,26.5,25.7,25,24.4,23.7,23.1,22.5,22,21.4,20.9,20.3,19.8,19.3,18.7,18.1,17.6,
Slovak Republic,,,,,,,,,,,,,,,,,,,,,,21.6,20.7,19.9,19,18.2,17.4,16.7,16,15.3,14.7,14.1,13.6,13,12.5,11.9,11.5,11,10.5,10.1,9.8,9.4,9.1,8.8,8.5,8.2,7.9,7.7,7.4,7.2,7,6.8,6.6,6.5,6.4,6.2,6.1,6,5.9,5.8,5.8,
Slovenia,,,,,,,,,,,,,,,,,,,,,,18,17,16.1,15.2,14.4,13.5,12.7,11.9,11.1,10.4,9.7,9,8.5,7.9,7.4,6.9,6.5,6.1,5.8,5.5,5.2,4.9,4.7,4.4,4.2,4,3.8,3.6,3.4,3.2,3.1,2.9,2.8,2.7,2.6,2.5,2.4,2.3,2.3,2.2,
Sweden,19.6,19.2,18.6,17.9,17.1,16.3,15.5,14.9,14.4,13.9,13.4,12.9,12.3,11.6,11,10.4,9.8,9.4,9,8.7,8.4,8.2,8,7.8,7.7,7.6,7.5,7.4,7.3,7.2,7,6.6,6.2,5.7,5.2,4.8,4.5,4.3,4.2,4.1,4.1,4.1,4,3.9,3.7,3.6,3.4,3.3,3.2,3.1,3.1,3,3,2.9,2.9,2.9,2.8,2.8,2.7,2.7,2.6,
Eswatini,208.8,205.4,202.1,198.6,194.9,190.7,186.5,182.5,178.5,174.3,169.9,165,159.7,153.9,148,142.1,136.1,130.4,124.9,119.5,114,108.4,102.8,107.9,91.6,86.3,81.3,76.7,72.7,69.6,67.4,66.8,68.2,71.7,77,83.5,90,96.2,102,107.2,112.2,115.8,117.7,119.2,119.7,119.4,109,103.8,101.9,96,85.5,73.4,66,62.5,62.4,57.2,55.6,57.9,52.2,48,46.6,
Sint Maarten (Dutch part),,,,,,,,,,,,,,,,,,,,,,,,,,,,,,,,,,,,,,,,,,,,,,,,,,,,,,,,,,,,,,
Seychelles,104.5,103.1,101.6,99.9,97.9,95.4,92.4,88.9,84.9,80.4,75.5,70.5,65.5,60.5,55.6,50.8,46.1,41.6,37.5,33.7,30.4,27.6,25.2,23.3,21.7,20.4,19.3,18.4,17.6,16.9,16.3,15.8,15.3,14.9,14.6,14.4,14.1,14,13.9,13.8,13.8,13.7,13.7,13.7,13.7,13.7,13.8,13.8,13.9,14,14.1,14.2,14.4,14.5,14.7,14.8,14.8,14.7,14.5,14.3,13.9,
Syrian Arab Republic,170,161.5,154.1,147.3,141,134.9,128.8,122.7,116.5,110.5,104.5,98.9,93.7,88.9,84.3,80,75.7,71.6,67.6,63.8,60.1,63,70.2,50.6,47.9,45.5,43.4,41.5,39.7,38.2,36.7,35.2,33.7,32.2,30.7,29.2,27.8,26.4,25.2,24,23,22.1,21.4,20.7,20.1,19.7,19.3,19.1,18.9,18.8,18.9,20.1,37,45.3,47,41.6,39.5,23.5,23.4,22.2,22.4,
Turks and Caicos Islands,,,,,,,,,,,,,,,,,,,,,,,,,,,,,,,,,,,,,,,,,,,,,,,,,,,,,,,,,,,,,,
Chad,,,,,,,,,,,,,252.9,251.5,249.9,248.6,247.1,245.5,243.9,242.1,240.2,237.9,235.5,232.8,229.9,227,224,221.1,218.1,215.1,212.1,209.2,206.4,203.7,201.2,198.8,196.3,193.6,190.6,187.4,184,180.5,177.1,173.8,170.4,166.9,163.3,159.6,155.7,151.7,147.7,143.7,139.8,135.9,132.3,128.7,124.9,121.1,117.3,113.5,110,
East Asia & Pacific (IDA & IBRD countries),,,,,,,,,,,,,,,,,,,,,,,,,,,,,,,59.88164831,58.7301697,57.26469053,55.59861178,53.76976029,51.84253871,49.88280812,47.83742225,45.84555434,43.75311025,41.60753348,39.32878026,37.09528565,34.81823176,33.71200067,30.70046402,28.83297479,27.17216416,26.68553928,24.20484373,22.97774614,21.78396262,20.67148229,19.65576691,18.72918437,17.83779064,17.02243697,16.30186312,15.60125366,14.99435143,14.41116269,
Europe & Central Asia (IDA & IBRD countries),,,,,,,,,,,,,,,,,,,,,,,,,,,,,,,44.19287655,43.79734386,43.78122371,43.60814331,43.08247988,42.09315987,40.79943324,39.19945014,37.39021336,35.44425335,33.36267772,31.26934207,29.19698507,27.26464511,25.39375468,23.67188882,22.09133836,20.63291941,19.35413712,18.23191806,17.22833982,16.33794416,15.51654995,14.72271931,13.96641082,13.23809154,12.50653837,11.8764851,11.30095202,10.78264562,10.31294399,
Togo,261.2,258.5,255.7,252.8,249.7,246.3,242.7,238.8,234.6,230.4,225.9,221.2,216.6,211.7,206.9,202.1,197.3,192.7,188.2,183.7,179.3,175,171,167.2,163.6,160.3,157.2,154.4,151.9,149.6,147.5,145.5,143.5,141.4,139,136.3,133.5,130.3,127,123.5,119.9,116.4,112.9,109.5,106.3,103.1,100.1,97.3,94.4,91.7,89,86.2,83.5,80.9,78.3,75.9,73.4,71.1,68.8,66.5,64.4,
Thailand,146.6,141.6,136.5,131.6,126.8,122.1,117.5,112.8,108.1,103.5,98.9,94.3,89.8,85.5,81.3,77.4,73.7,70.2,66.9,63.8,60.8,58,55.4,52.8,50.4,48,45.7,43.5,41.3,39.2,37.1,35.1,33.3,31.5,29.9,28.4,27,25.6,24.3,23.1,22,20.9,19.9,18.9,18,17.2,16.4,15.6,14.9,14.2,13.6,13,12.4,11.8,11.3,10.8,10.3,9.9,9.4,9,8.7,
Tajikistan,,,,,,,,,,,,,156.4,151,145.9,141.2,137.3,134.3,132.1,130.8,129.9,129.3,128.4,126.4,123.2,119.1,114,108.9,104.7,102.3,102.3,105.2,109.8,113.2,113.8,111.7,107.7,102.5,96.4,90,83.6,77.2,71,65.2,60.1,55.6,51.9,48.8,46.3,44.3,42.7,41.4,40.3,39.4,38.4,37.5,36.5,35.3,34.3,33.3,32.3,
Turkmenistan,,,,,,,,,,,,,,,,,,133.5,128.7,124.1,119.4,114.6,109.9,105,100.3,95.7,91.3,87.4,84,81.4,79.5,78.6,78.6,78.9,79.3,79.4,79.1,77.9,75.9,73.1,69.7,66,62.2,58.6,55.2,52.3,49.6,47.4,45.5,44.1,43.1,42.5,42,41.9,42,42.2,42.5,42.9,42.8,42.4,41.8,
Latin America & the Caribbean (IDA & IBRD countries),,,,,,,,,,,,,,,,,,,,,,,,,,,,,,,55.39407386,53.05573485,50.64462033,48.2572593,45.87490664,43.5790756,41.340013,39.23038149,37.76819114,36.41968489,33.525942,31.86559773,30.32827278,28.88666747,27.52630272,26.27870577,25.13637535,24.0900573,23.14728956,22.26031915,24.6960702,20.7347195,20.04091309,19.43581948,18.89538999,18.38382355,18.45557681,17.68666801,17.19938659,16.70986209,16.29953964,
Timor-Leste,,,,,,,,,,,,,,,,,,,,,,,,,,222,211.8,202,192.5,183.6,175.2,167.3,159.9,152.6,145.5,138.8,132.2,125.8,119.5,113.5,107.7,102.1,96.5,91.2,86,80.9,76.1,71.6,67.7,64.4,61.5,58.8,56.3,54.2,52.1,50.2,48.4,46.8,45.1,43.7,42.3,
Middle East & North Africa (IDA & IBRD countries),,,,,,,,,,,,,,,,,,,,,,,,,,,,,,,69.19140871,66.55795698,64.12354377,61.78393222,59.45983051,57.15433535,54.91995108,52.69192815,50.50736904,48.36142349,46.27651498,44.19797589,42.20266383,40.28218264,38.40032754,36.62539264,34.95204982,33.36661373,31.91543572,30.60363847,29.5276396,28.73671805,28.9038236,28.53312253,27.85629041,27.00718696,26.21534143,24.82086491,24.40091552,23.80500631,23.15122169,
Tonga,,,,78,73.1,68.6,64.2,60,56,52.3,48.9,45.8,43.1,40.8,38.6,36.7,35,33.4,31.9,30.6,29.4,28.4,27.5,26.8,26.2,25.6,25,24.4,23.7,22.9,22.1,21.3,20.6,19.9,19.3,18.8,18.4,18.1,17.7,17.3,16.9,16.5,16,15.6,15.1,14.7,14.3,14,13.7,13.4,13.2,12.9,12.8,12.6,12.5,12.4,12.3,12.1,11.9,11.7,11.4,
South Asia (IDA & IBRD),,,,,,,,,,,,,,,,,,,,,,,,,,,,,,,129.8918464,126.1808704,122.5533257,118.9699779,115.3867035,111.8053085,108.1557772,104.4333558,100.6746196,96.96231871,93.30056111,89.72396257,86.20744487,82.93162904,79.90337818,76.62038237,73.56357253,70.63342081,67.66045068,64.89436898,61.95019296,59.1260963,56.45054862,53.79386349,51.27041575,48.81722681,46.51543358,44.28606398,42.14577973,40.27121393,38.48553144,
Sub-Saharan Africa (IDA & IBRD countries),,,,,,,,,,,,,,,,,,,,,,,,,,,,,,,179.0193869,177.4395949,175.8623736,174.4331816,173.8543872,169.9564307,167.2068784,163.8808789,160.0055287,155.625618,150.8123685,145.5467514,140.0256673,134.5306745,129.1489686,123.937727,119.0141398,114.1685622,109.5209935,105.0449501,100.9769322,97.24709189,93.79001169,90.64756092,87.87207684,85.34200407,82.7222902,80.32146941,77.91876462,75.57807204,73.27733839,
Trinidad and Tobago,67.8,65.4,63.2,61.2,59.3,57.7,56.3,55,53.9,52.8,51.7,50.7,49.6,48.4,47.2,46,44.7,43.3,42,40.6,39.4,38.1,36.9,35.8,34.8,33.8,33,32.2,31.5,30.8,30.3,29.7,29.3,29,28.7,28.5,28.3,28.2,28,28,27.9,27.7,27.4,27,26.4,25.9,25.2,24.4,23.8,23.2,22.5,21.8,21.2,20.6,19.9,19.3,18.8,18.3,17.7,17.2,16.6,
Tunisia,,,271.9,259.5,247.4,235.5,223.8,212.1,200.9,190.1,180,170.2,161,151.8,142.8,134,125.2,116.8,108.9,101.7,95.3,89.6,84.4,79.6,75,70.9,67,63.6,60.5,57.8,55.3,52.9,50.5,48.1,45.5,42.8,40.1,37.3,34.6,32.2,29.9,27.9,26.1,24.6,23.2,22,21,20.2,19.4,18.9,18.4,18,17.7,17.5,17.3,17.2,17.1,17.1,17,16.9,16.6,
Turkey,257,249.3,241.4,233.5,225.7,218.3,211.3,204.9,198.8,192.9,187.2,181.5,175.8,170,164.1,158.1,152.1,146.1,140.1,134,127.9,121.8,115.8,109.9,104.1,98.6,93.3,88.2,83.3,78.6,74.2,69.8,65.6,61.5,57.6,53.9,50.4,47,43.8,40.8,37.9,35.3,32.7,30.4,28.2,26.2,24.3,22.5,20.9,19.5,18.1,16.9,15.8,14.7,13.8,13,12.1,11.4,10.7,10.1,9.5,
Tuvalu,169.6,161.7,154.3,147.4,140.7,134.3,128.1,122.4,116.8,111.4,106,100.7,95.4,90.2,84.9,80.1,75.8,71.9,68.6,65.7,63.1,61,59.1,57.5,56.2,55.3,54.6,54.1,53.7,53.2,52.8,52.2,51.5,50.7,49.7,48.6,47.3,46,44.6,43.3,42.1,41.2,40.3,39.5,38.7,37.7,36.6,35.3,34,32.6,31.3,30.1,29,27.9,26.9,26,25.1,24.3,23.5,22.7,22,
Tanzania,241.6,239.8,238,235.8,233.3,230.7,227.8,224.8,221.6,218.3,215,211.5,207.8,203.9,199.9,195.6,191.3,187.1,183.3,180,178.1,177.4,177.5,178,178.1,177.5,175.8,173.5,170.7,168,165.6,163.6,161.8,160.1,158.2,155.9,152.8,148.6,143.4,137,129.7,121.9,114,106.5,99.9,93.9,88.8,83.8,79.6,75.4,71.9,68.4,65.3,62.7,59.9,58.1,56,54.1,52.1,50.5,48.9,
Uganda,222.9,219.2,215.6,212,208.8,205.4,202.1,198.8,195.9,193.3,192,191.7,192.5,194.5,197.7,201.8,206.4,211,215.1,217.8,219.8,218.2,213.7,207.8,201.9,197.5,194.2,191.8,189.5,186.7,183.1,178.9,174.5,170.7,167.6,165.4,163.2,160.5,156.9,152.1,146.1,139.3,131.6,123.5,115.1,107.1,99.6,92.8,86.8,81.5,76.3,71.6,66.7,62.3,58.8,55.7,52.4,49.9,47.4,45.3,43.3,
Ukraine,,,,,,,,,,,,32.9,31.9,30.9,30.1,29.3,28.7,28.1,27.6,27,26.4,25.7,24.8,23.9,23,22.1,21.3,20.5,20,19.5,19.3,19.3,19.5,19.8,20.1,20.2,20.3,20,19.6,19,18.3,17.4,16.6,15.8,15.1,14.5,14,13.4,12.9,12.3,11.7,11.2,10.7,10.2,9.8,9.5,9.2,8.9,8.6,8.4,8.1,
Upper middle income,,,,,,,,,,,,,,,,,,,,,,,,,,,,,,,51.8,50.6,49.4,47.8,46.2,44.4,42.6,40.8,39,37.1,35.1,33.1,31.2,29.3,27.5,25.8,24.3,22.8,21.3,19.9,18.6,17.5,16.5,15.6,14.8,14.1,13.5,12.8,12.2,11.7,11.2,
Uruguay,63.5,62.2,60.7,59.4,58.3,57.8,57.4,56.9,56.2,55.2,54,53.1,53.2,54,54.9,55.2,54.4,52.1,48.5,44.1,39.6,35.8,32.9,30.9,29.5,28.5,27.4,26.2,25,23.8,22.9,22.2,21.7,21.3,21,20.5,19.9,19.1,18.3,17.5,17,16.5,16.2,15.7,15.1,14.4,13.5,12.6,11.8,11.2,10.7,10.3,10,9.7,9.3,8.9,8.4,7.8,7.3,6.7,6.2,
United States,30.1,29.5,28.9,28.3,27.7,27.1,26.4,25.7,24.9,24.1,23.2,22.4,21.5,20.6,19.7,18.8,17.9,17.1,16.3,15.6,15,14.4,13.9,13.4,13,12.7,12.4,12.1,11.9,11.6,11.2,10.9,10.5,10.1,9.8,9.5,9.2,8.9,8.8,8.6,8.4,8.3,8.2,8.1,8.1,8,7.9,7.7,7.6,7.5,7.3,7.2,7.1,7,6.9,6.8,6.7,6.6,6.5,6.4,6.3,
Uzbekistan,,,,,,,,,,,,,,,,,,,,126.7,117.8,109.8,102.4,95.6,89.6,84.3,79.8,76.1,73.2,71.4,70.6,70.4,70.3,70.3,70.1,69.5,68.6,67.3,65.7,63.5,60.7,57.4,53.9,50.4,46.8,43.4,40.1,37,34,31.3,28.7,26.4,24.4,22.5,20.8,19.3,18,16.8,15.8,14.8,13.9,
St. Vincent and the Grenadines,174.6,163.4,149.8,135.2,121,108.3,97.5,88.8,82.2,77.5,74.8,73.8,74,74.9,75.5,74.8,72.4,68.6,63.6,58.2,52.8,47.9,43.2,39,35.3,32.2,29.6,27.6,25.9,24.7,23.8,23.1,22.6,22.3,22.2,22.2,22.2,22.3,22.3,22.3,22.2,22,21.9,21.7,21.6,21.5,21.3,21.1,20.8,20.4,19.8,19.2,18.6,18,17.4,16.7,16.2,15.6,15.1,14.6,14.1,
"Venezuela, RB",79.6,77,74.8,72.9,71.2,69.8,68.5,67.2,65.9,64.4,62.8,61,59.1,57.1,55.4,53.6,51.8,49.9,48,46,44.1,42.2,40.5,39,37.6,36.2,34.9,33.6,32.2,30.8,29.5,28.5,27.8,27.2,26.8,26.3,25.5,24.5,23.5,44.4,21.6,20.9,20.3,19.8,19.1,18.5,17.9,17.4,17.2,17,17.1,17.2,17.3,17.6,18,19.1,24.2,24.2,24.2,24.2,24.2,
British Virgin Islands,,,,,,,,,,,,,,,,,,,,,,,,,,,,,,,,,,,,,,,,,,,,,,,,,,,,,,,,,,,,,,
Virgin Islands (U.S.),,,,,,,,,,,,,,,,,,,,,,,,,,,,,,,,,,,,,,,,,,,,,,,,,,,,,,,,,,,,,,
Vietnam,,,,,86.6,86,85.4,84.9,84.2,83.5,82.7,81.9,81,79.9,78.6,77.2,75.8,74.2,72.6,70.9,69.3,67.7,66.2,64.8,63.4,62,60.4,58.5,56.4,54.1,51.6,49,46.5,43.9,41.5,39.1,36.8,34.8,32.9,31.3,29.8,28.5,27.4,26.4,25.6,24.9,24.4,23.9,23.5,23.2,22.9,22.7,22.4,22.2,22,21.8,21.6,21.4,21.3,21.1,20.9,
Vanuatu,152.1,148.2,144.2,140,135.5,130.7,126,121.3,116.5,111.8,107.3,102.8,98.7,94.6,90.9,87.2,83.5,79.8,75.9,71.8,67.6,63.3,59.1,54.8,50.8,47.3,44.1,41.3,38.9,37,35.3,33.9,32.7,31.7,30.8,30.2,29.7,29.4,29.1,28.8,28.5,28.3,28.1,28.1,28.1,28.2,28.4,28.6,28.8,29,29.1,29.3,29.3,29.1,28.8,28.2,27.6,26.9,26.3,25.6,24.9,
World,,,,,,,,,,,,,,,,,,,,,,,,,,,,,,,93.2,92,90.7,89.5,88.4,86.5,84.8,82.8,80.7,78.4,75.8,73.2,70.5,67.8,65.4,62.5,60,57.6,55.5,53,51.2,49,47.2,45.5,44,42.6,41.3,40,38.8,37.7,36.6,
Samoa,106.9,102.7,98.8,95.1,110.8,88.6,85.4,82.2,78.8,75.4,71.9,68.6,65.3,62.2,59.1,56.2,53.4,50.7,48.2,45.9,43.7,41.8,40.1,38.5,37,35.6,34.2,33,31.9,30.8,29.9,29,28.1,27.2,26.2,25.3,24.4,23.6,22.8,21.9,21.2,20.6,20.1,19.7,19.4,19.3,19.3,19.3,19.3,25.7,19.3,19.2,19.1,18.9,18.7,18.6,18.4,18.1,17.8,17.4,17,
Kosovo,,,,,,,,,,,,,,,,,,,,,,,,,,,,,,,,,,,,,,,,,,,,,,,,,,,,,,,,,,,,,,
"Yemen, Rep.",429.7,422.7,415.5,407.8,399.6,390.2,379.7,368.2,356,343.2,330.8,318.5,306.7,295.6,284.2,272.5,260.3,247.8,235,222,209.1,196.7,184.7,173.4,163.3,154.6,147.2,140.8,135.3,130.5,126.4,122.8,119.6,116.7,114.2,111.9,109.6,106.8,103.4,99.4,95,90.3,85.7,81.2,76.9,73,69.1,65.6,62.4,60.1,58.8,58.5,58.8,58.4,58.7,60.7,60.3,60.2,61.6,61.5,59.6,
South Africa,,,,,,,,,,,,,,,130.5,123.7,117.2,111.1,105.4,100,95,90.2,85.8,81.7,77.9,74.4,71.1,68.1,65.3,62.9,60.9,59.6,58.9,59.1,60.1,61.7,63.8,65.6,67.8,70,71.5,73.1,74.3,75.7,77.7,78.8,79.2,75.3,68.9,60.3,52,45.6,41.5,39.3,37.6,36.3,35.2,34.6,33.9,33,32.2,
Zambia,204.5,200.8,197.2,194.4,191.9,190.2,189.3,188.6,187.3,185,181.4,176.5,170.7,165,159.9,156.3,154.6,154.3,154.8,155.5,156.4,157.1,158,159.9,163.1,167.1,171.3,175.3,178.2,180.2,181.5,182.2,181.9,180.4,177.5,174.1,170.9,168.2,165.3,161.6,155.9,146.9,136.1,125.4,115.2,106.2,98.5,93.2,88.7,83.6,79,76.8,74.7,71.1,68.3,67.7,65.3,64.6,65.4,64.1,61.4,
Zimbabwe,150.9,147,142.9,138.6,134.2,130.1,126.3,122.8,119.8,117.7,116,114.9,114.3,114,113.9,114.1,114.3,114.3,113.8,112.2,109.5,105.4,99.9,93.8,87.8,82.5,78.5,76.3,75.6,76.5,78.9,82,86,90.2,93.9,97,98.9,99.3,98.5,97.1,95.5,93.8,92.6,91.6,92.4,93.1,95,95.7,94.5,91.3,86.4,80.8,72.2,66.3,62.7,61.3,58.7,57,54.8,54.2,53.9,
